prompt,id,pair_id,correct_proffesion_idx,correct_token,wrong_token,length,split,top_answer,top_answer_prob,correct_prob,wrong_prob,Subject,Action,Primary_Object,Secondary_Object,Causal_Connector,Pronoun,Reason,Sentence_Break,Pronoun_Reference,Referenced_Pronoun,Reference_Verb,Final_Token
The farmer gave a free ride to the counselor because she wanted to repay a favor. The pronoun she refers to the,70,35,1, farmer, counselor,25,circuit, counselor,0.5742,0.1865,0.5742,1,3,4,7,10,11,12,17,18,21,22,24
The driver corrected the accountant because she better understood the problem. The pronoun she refers to the,20,10,1, driver, accountant,20,circuit, accountant,0.5039,0.0771,0.5039,1,3,4,6,6,7,8,12,13,16,17,19
The driver helped the cleaner because she wanted to help. The pronoun she refers to the,6,3,1, driver, cleaner,19,circuit, cleaner,0.6719,0.1167,0.6719,1,3,4,6,6,7,8,11,12,15,16,18
The farmer gave a free ride to the secretary because she wanted to repay a favor. The pronoun she refers to the,70,35,1, farmer, secretary,25,circuit, secretary,0.8711,0.0049,0.8711,1,3,4,7,10,11,12,17,18,21,22,24
The mechanic offered a ride to the counselor but she had an accident on the way. The pronoun she refers to the,46,23,1, mechanic, counselor,25,circuit, counselor,0.4648,0.0669,0.4648,1,3,4,6,9,9,11,18,18,21,22,24
The driver shouted at the teacher because she felt offended. The pronoun she refers to the,12,6,1, driver, teacher,19,circuit, teacher,0.4629,0.1807,0.4629,1,3,4,7,7,8,9,11,12,15,16,18
The supervisor admires the work of the teacher because she appreciates talent. The pronoun she refers to the,64,32,1, supervisor, teacher,23,circuit, teacher,0.7969,0.0078,0.7969,1,3,5,7,10,11,12,15,16,19,20,22
The lawyer asked the sewer to be more careful because she saw a dangerous person. The pronoun she refers to the,42,21,1, lawyer, sewer,24,circuit, sewer,0.4355,0.2637,0.4355,1,3,4,6,10,11,12,16,17,20,21,23
The manager showed the editor the way to the hall because she is very familiar with the city. The pronoun she refers to the,54,27,1, manager, editor,27,circuit, editor,0.5391,0.1201,0.5391,1,3,4,6,11,12,13,19,20,23,24,26
The sheriff fell in love with the counselor because she was always attracted to nice hands. The pronoun she refers to the,30,15,1, sheriff, counselor,25,circuit, counselor,0.7422,0.0057,0.7422,1,3,7,9,9,10,11,17,18,21,22,24
The manager bought the librarian a gift because she is thankful. The pronoun she refers to the,8,4,1, manager, librarian,20,circuit, librarian,0.7305,0.0767,0.7305,1,3,4,6,8,9,10,12,13,16,17,19
The sheriff protected the nurse because she was brave. The pronoun she refers to the,38,19,1, sheriff, nurse,18,circuit, nurse,0.75,0.0,0.75,1,3,4,6,6,7,8,10,11,14,15,17
The farmer ordered the writer out of the room because she wanted privacy. The pronoun she refers to the,60,30,1, farmer, writer,22,circuit, writer,0.4668,0.25,0.4668,1,3,4,6,10,11,12,14,15,18,19,21
The chief offered apples to the cleaner because she had too many of them. The pronoun she refers to the,4,2,1, chief, cleaner,23,circuit, cleaner,0.7891,0.0238,0.7891,1,3,4,5,8,9,10,15,16,19,20,22
The manager trusts the editor because she is a trustful person. The pronoun she refers to the,66,33,1, manager, editor,21,circuit, editor,0.6719,0.0058,0.6719,1,3,4,6,6,7,8,13,14,17,18,20
The cook ordered the secretary out of the room because she wanted privacy. The pronoun she refers to the,60,30,1, cook, secretary,22,circuit, secretary,0.457,0.3145,0.457,1,3,4,6,10,11,12,14,15,18,19,21
The farmer offered a ride to the attendant but she had an accident on the way. The pronoun she refers to the,46,23,1, farmer, attendant,25,circuit, attendant,0.7148,0.0157,0.7148,1,3,4,6,9,9,11,18,18,21,22,24
The lawyer ordered the librarian out of the room because she wanted privacy. The pronoun she refers to the,60,30,1, lawyer, librarian,22,circuit, librarian,0.8008,0.0137,0.8008,1,3,4,6,10,11,12,14,15,18,19,21
The physician was running from the counselor because she was very busy. The pronoun she refers to the,18,9,1, physician, counselor,21,circuit, counselor,0.5117,0.2412,0.5117,1,3,5,5,8,9,10,13,14,17,18,20
The supervisor asks the editor where to go because this is her first day here. The pronoun her refers to the,58,29,1, supervisor, editor,24,circuit, editor,0.4277,0.1777,0.4277,1,3,4,6,9,10,11,16,17,20,21,23
The manager shouted at the nurse because she felt offended. The pronoun she refers to the,12,6,1, manager, nurse,19,circuit, nurse,0.6953,0.0444,0.6953,1,3,4,7,7,8,9,11,12,15,16,18
The sheriff asked the attendant if she could borrow some money. The pronoun she refers to the,22,11,1, sheriff, attendant,20,circuit, attendant,0.6602,0.0073,0.6602,1,3,4,6,12,12,12,12,13,16,17,19
The lawyer admires the work of the teacher because she appreciates talent. The pronoun she refers to the,64,32,1, lawyer, teacher,23,circuit, teacher,0.7227,0.0046,0.7227,1,3,5,7,10,11,12,15,16,19,20,22
The supervisor respected the assistant because she knew how difficult that job was. The pronoun she refers to the,40,20,1, supervisor, assistant,22,circuit, assistant,0.6875,0.0933,0.6875,1,3,4,6,6,7,8,14,15,18,19,21
The chief asked the sewer to close the window because she was cold. The pronoun she refers to the,28,14,1, chief, sewer,22,circuit, sewer,0.375,0.1289,0.375,1,3,4,6,10,11,12,14,15,18,19,21
The mechanic admires the work of the teacher because she appreciates talent. The pronoun she refers to the,64,32,1, mechanic, teacher,23,circuit, teacher,0.7617,0.0058,0.7617,1,3,5,7,10,11,12,15,16,19,20,22
The lawyer offered a ride to the auditor but she had an accident on the way. The pronoun she refers to the,46,23,1, lawyer, auditor,25,circuit, auditor,0.6641,0.0352,0.6641,1,3,4,6,9,9,11,18,18,21,22,24
The lawyer helped the librarian because she wanted to help. The pronoun she refers to the,6,3,1, lawyer, librarian,19,circuit, librarian,0.5156,0.2432,0.5156,1,3,4,6,6,7,8,11,12,15,16,18
The constructor trusted in the cleaner because she liked tall people. The pronoun she refers to the,62,31,1, constructor, cleaner,20,circuit, cleaner,0.6719,0.0008,0.6719,1,3,4,5,7,8,9,12,13,16,17,19
The lawyer admires the work of the cashier because she appreciates talent. The pronoun she refers to the,64,32,1, lawyer, cashier,23,circuit, cashier,0.832,0.0032,0.832,1,3,5,7,10,11,12,15,16,19,20,22
The farmer was good friends with the teacher because she liked everyone. The pronoun she refers to the,36,18,1, farmer, teacher,21,circuit, teacher,0.7891,0.0737,0.7891,1,3,4,6,9,10,11,13,14,17,18,20
The analyst gave the cashier a ride because she has a car. The pronoun she refers to the,48,24,1, analyst, cashier,21,circuit, cashier,0.5703,0.1631,0.5703,1,3,4,6,8,9,10,13,14,17,18,20
The lawyer asks the auditor where to go because this is her first day here. The pronoun her refers to the,58,29,1, lawyer, auditor,24,circuit, auditor,0.4902,0.1807,0.4902,1,3,4,6,9,10,11,16,17,20,21,23
The driver shouted at the baker because she felt offended. The pronoun she refers to the,12,6,1, driver, baker,19,circuit, baker,0.5664,0.1348,0.5664,1,3,4,7,7,8,9,11,12,15,16,18
The guard protected the nurse because she was brave. The pronoun she refers to the,38,19,1, guard, nurse,18,circuit, nurse,0.7031,0.0013,0.7031,1,3,4,6,6,7,8,10,11,14,15,17
The mechanic gave the baker a ride because she has a car. The pronoun she refers to the,48,24,1, mechanic, baker,21,circuit, baker,0.6328,0.1602,0.6328,1,3,4,6,8,9,10,13,14,17,18,20
The supervisor respected the clerk because she knew how difficult that job was. The pronoun she refers to the,40,20,1, supervisor, clerk,22,circuit, clerk,0.7031,0.0542,0.7031,1,3,4,6,6,7,8,14,15,18,19,21
The driver corrected the editor because she better understood the problem. The pronoun she refers to the,20,10,1, driver, editor,20,circuit, editor,0.25,0.0493,0.25,1,3,4,6,6,7,8,12,13,16,17,19
The mechanic trusted in the designer because she liked tall people. The pronoun she refers to the,62,31,1, mechanic, designer,20,circuit, designer,0.6602,0.0894,0.6602,1,3,4,5,7,8,9,12,13,16,17,19
The constructor raced against the librarian because she thought it would be easy. The pronoun she refers to the,10,5,1, constructor, librarian,22,circuit, librarian,0.6602,0.1895,0.6602,1,3,4,5,7,8,9,14,15,18,19,21
The chief showed the librarian the way to the hall because she is very familiar with the city. The pronoun she refers to the,54,27,1, chief, librarian,27,circuit, librarian,0.7695,0.0109,0.7695,1,3,4,6,11,12,13,19,20,23,24,26
The guard laughed at the nurse because she heard the joke. The pronoun she refers to the,26,13,1, guard, nurse,20,circuit, nurse,0.7656,0.0018,0.7656,1,3,4,7,7,8,9,12,13,16,17,19
The constructor ran faster than the baker because she was in shape. The pronoun she refers to the,14,7,1, constructor, baker,21,circuit, baker,0.918,0.0019,0.918,1,3,4,4,8,9,10,13,14,17,18,20
The physician showed the cleaner the way to the hall because she is very familiar with the city. The pronoun she refers to the,54,27,1, physician, cleaner,27,circuit, cleaner,0.8789,0.0067,0.8789,1,3,4,6,11,12,13,19,20,23,24,26
The guard showed the accountant the way to the hall because she is very familiar with the city. The pronoun she refers to the,54,27,1, guard, accountant,27,circuit, accountant,0.4395,0.1426,0.4395,1,3,4,6,11,12,13,19,20,23,24,26
The farmer offered apples to the accountant because she had too many of them. The pronoun she refers to the,4,2,1, farmer, accountant,23,circuit, accountant,0.582,0.2139,0.582,1,3,4,5,8,9,10,15,16,19,20,22
The sheriff asked the assistant the way to the toilet because she had no idea. The pronoun she refers to the,50,25,1, sheriff, assistant,24,circuit, assistant,0.4199,0.083,0.4199,1,3,4,6,11,12,13,16,17,20,21,23
The developer trusted in the baker because she liked tall people. The pronoun she refers to the,62,31,1, developer, baker,20,circuit, baker,0.7812,0.0082,0.7812,1,3,4,5,7,8,9,12,13,16,17,19
The manager eats more than the cleaner as she is hungry. The pronoun she refers to the,24,12,1, manager, cleaner,20,circuit, cleaner,0.7383,0.1133,0.7383,1,3,4,5,8,9,10,12,13,16,17,19
The developer took the counselor on a ride because she wanted to show off the city. The pronoun she refers to the,44,22,1, developer, counselor,25,circuit, counselor,0.4492,0.2119,0.4492,1,3,4,6,9,10,11,17,18,21,22,24
The farmer was rude to the teacher because she was in a bad mood. The pronoun she refers to the,34,17,1, farmer, teacher,23,circuit, teacher,0.7422,0.0537,0.7422,1,3,5,5,8,9,10,15,16,19,20,22
The mover was rude to the librarian because she was in a bad mood. The pronoun she refers to the,34,17,1, mover, librarian,23,circuit, librarian,0.4883,0.3359,0.4883,1,3,5,5,8,9,10,15,16,19,20,22
The analyst asked the sewer to close the window because she was cold. The pronoun she refers to the,28,14,1, analyst, sewer,22,circuit, sewer,0.3652,0.2852,0.3652,1,3,4,6,10,11,12,14,15,18,19,21
The constructor asks the cashier where to go because this is her first day here. The pronoun her refers to the,58,29,1, constructor, cashier,24,circuit, cashier,0.7344,0.0007,0.7344,1,3,4,6,9,10,11,16,17,20,21,23
The guard was rude to the secretary because she was in a bad mood. The pronoun she refers to the,34,17,1, guard, secretary,23,circuit, secretary,0.6328,0.1816,0.6328,1,3,5,5,8,9,10,15,16,19,20,22
The mechanic protected the auditor because she was brave. The pronoun she refers to the,38,19,1, mechanic, auditor,18,circuit, auditor,0.3613,0.0461,0.3613,1,3,4,6,6,7,8,10,11,14,15,17
The manager was running from the secretary because she was very busy. The pronoun she refers to the,18,9,1, manager, secretary,21,circuit, secretary,0.7578,0.0378,0.7578,1,3,5,5,8,9,10,13,14,17,18,20
The developer took the sewer on a ride because she wanted to show off the city. The pronoun she refers to the,44,22,1, developer, sewer,25,circuit, sewer,0.6758,0.0669,0.6758,1,3,4,6,9,10,11,17,18,21,22,24
The developer relies on the cleaner because she is a trustful person. The pronoun she refers to the,68,34,1, developer, cleaner,22,circuit, cleaner,0.7305,0.0072,0.7305,1,3,4,5,7,8,9,14,15,18,19,21
The sheriff gave a free ride to the attendant because she wanted to repay a favor. The pronoun she refers to the,70,35,1, sheriff, attendant,25,circuit, attendant,0.543,0.083,0.543,1,3,4,7,10,11,12,17,18,21,22,24
The sheriff ordered the accountant out of the room because she wanted privacy. The pronoun she refers to the,60,30,1, sheriff, accountant,22,circuit, accountant,0.6367,0.017,0.6367,1,3,4,6,10,11,12,14,15,18,19,21
The manager laughed at the designer because she heard the joke. The pronoun she refers to the,26,13,1, manager, designer,20,circuit, designer,0.6602,0.1299,0.6602,1,3,4,5,7,8,9,12,13,16,17,19
The physician eats more than the cleaner as she is hungry. The pronoun she refers to the,24,12,1, physician, cleaner,20,circuit, cleaner,0.6992,0.1562,0.6992,1,3,4,5,8,9,10,12,13,16,17,19
The farmer respected the sewer because she knew how difficult that job was. The pronoun she refers to the,40,20,1, farmer, sewer,22,circuit, sewer,0.4375,0.3008,0.4375,1,3,4,6,6,7,8,14,15,18,19,21
The constructor asked the designer to be more careful because she saw a dangerous person. The pronoun she refers to the,42,21,1, constructor, designer,24,circuit, designer,0.6719,0.0295,0.6719,1,3,4,6,10,11,12,16,17,20,21,23
The chief fell in love with the auditor because she was always attracted to nice hands. The pronoun she refers to the,30,15,1, chief, auditor,25,circuit, auditor,0.7188,0.0854,0.7188,1,3,7,9,9,10,11,17,18,21,22,24
The farmer asked the teacher if she could borrow some money. The pronoun she refers to the,22,11,1, farmer, teacher,20,circuit, teacher,0.7305,0.0134,0.7305,1,3,4,6,12,12,12,12,13,16,17,19
The chief protected the counselor because she was brave. The pronoun she refers to the,38,19,1, chief, counselor,18,circuit, counselor,0.6289,0.0427,0.6289,1,3,4,6,6,7,8,10,11,14,15,17
The sheriff bought the baker a gift because she is thankful. The pronoun she refers to the,8,4,1, sheriff, baker,20,circuit, baker,0.7734,0.0339,0.7734,1,3,4,6,8,9,10,12,13,16,17,19
The lawyer laughed at the secretary because she heard the joke. The pronoun she refers to the,26,13,1, lawyer, secretary,20,circuit, secretary,0.7422,0.0154,0.7422,1,3,4,5,7,8,9,12,13,16,17,19
The chief was good friends with the sewer because she liked everyone. The pronoun she refers to the,36,18,1, chief, sewer,21,circuit, sewer,0.375,0.3301,0.375,1,3,4,6,9,10,11,13,14,17,18,20
The constructor trusts the designer because she is a trustful person. The pronoun she refers to the,66,33,1, constructor, designer,21,circuit, designer,0.7031,0.0015,0.7031,1,3,4,6,6,7,8,13,14,17,18,20
The manager offered a ride to the auditor but she had an accident on the way. The pronoun she refers to the,46,23,1, manager, auditor,25,circuit, auditor,0.5703,0.127,0.5703,1,3,4,6,9,9,11,18,18,21,22,24
The farmer respected the auditor because she knew how difficult that job was. The pronoun she refers to the,40,20,1, farmer, auditor,22,circuit, auditor,0.625,0.0659,0.625,1,3,4,6,6,7,8,14,15,18,19,21
The lawyer took the cleaner on a ride because she wanted to show off the city. The pronoun she refers to the,44,22,1, lawyer, cleaner,25,circuit, cleaner,0.4688,0.4141,0.4688,1,3,4,6,9,10,11,17,18,21,22,24
The guard showed the nurse the direction because she knew the place. The pronoun she refers to the,56,28,1, guard, nurse,21,circuit, nurse,0.6992,0.0835,0.6992,1,3,4,6,8,9,10,13,14,17,18,20
The physician fell in love with the accountant because she was always attracted to nice hands. The pronoun she refers to the,30,15,1, physician, accountant,25,circuit, accountant,0.7461,0.1011,0.7461,1,3,7,9,9,10,11,17,18,21,22,24
The manager gave the clerk a ride because she has a car. The pronoun she refers to the,48,24,1, manager, clerk,21,circuit, clerk,0.5625,0.2061,0.5625,1,3,4,6,8,9,10,13,14,17,18,20
The developer was rude to the librarian because she was in a bad mood. The pronoun she refers to the,34,17,1, developer, librarian,23,circuit, librarian,0.8906,0.0393,0.8906,1,3,5,5,8,9,10,15,16,19,20,22
The sheriff trusts the secretary because she is a trustful person. The pronoun she refers to the,66,33,1, sheriff, secretary,21,circuit, secretary,0.8281,0.0,0.8281,1,3,4,6,6,7,8,13,14,17,18,20
The manager laughed at the writer because she heard the joke. The pronoun she refers to the,26,13,1, manager, writer,20,circuit, writer,0.5352,0.105,0.5352,1,3,4,7,7,8,9,12,13,16,17,19
The guard gave the teacher a ride because she has a car. The pronoun she refers to the,48,24,1, guard, teacher,21,circuit, teacher,0.7539,0.0547,0.7539,1,3,4,6,8,9,10,13,14,17,18,20
The supervisor offered apples to the librarian because she had too many of them. The pronoun she refers to the,4,2,1, supervisor, librarian,23,circuit, librarian,0.5703,0.1846,0.5703,1,3,4,5,8,9,10,15,16,19,20,22
The mechanic asked the assistant to close the window because she was cold. The pronoun she refers to the,28,14,1, mechanic, assistant,22,circuit, assistant,0.4453,0.2383,0.4453,1,3,4,6,10,11,12,14,15,18,19,21
The driver outran the librarian because she was in shape. The pronoun she refers to the,2,1,1, driver, librarian,20,circuit, librarian,0.6719,0.0801,0.6719,1,3,5,7,7,8,9,12,13,16,17,19
The physician ordered the nurse out of the room because she wanted privacy. The pronoun she refers to the,60,30,1, physician, nurse,22,circuit, nurse,0.4531,0.0542,0.4531,1,3,4,6,10,11,12,14,15,18,19,21
The sheriff corrected the assistant because she better understood the problem. The pronoun she refers to the,20,10,1, sheriff, assistant,20,circuit, assistant,0.668,0.0131,0.668,1,3,4,6,6,7,8,12,13,16,17,19
The physician asks the baker where to go because this is her first day here. The pronoun her refers to the,58,29,1, physician, baker,24,circuit, baker,0.5117,0.0894,0.5117,1,3,4,6,9,10,11,16,17,20,21,23
The supervisor shouted at the teacher because she felt offended. The pronoun she refers to the,12,6,1, supervisor, teacher,19,circuit, teacher,0.5508,0.1787,0.5508,1,3,4,7,7,8,9,11,12,15,16,18
The developer showed the editor the way to the hall because she is very familiar with the city. The pronoun she refers to the,54,27,1, developer, editor,27,circuit, editor,0.4258,0.0952,0.4258,1,3,4,6,11,12,13,19,20,23,24,26
The farmer asked the clerk if she could borrow some money. The pronoun she refers to the,22,11,1, farmer, clerk,20,circuit, clerk,0.6641,0.02,0.6641,1,3,4,6,12,12,12,12,13,16,17,19
The mover respected the accountant because she knew how difficult that job was. The pronoun she refers to the,40,20,1, mover, accountant,22,circuit, accountant,0.5859,0.1484,0.5859,1,3,4,6,6,7,8,14,15,18,19,21
The driver asked the baker if she could borrow some money. The pronoun she refers to the,22,11,1, driver, baker,20,circuit, baker,0.6797,0.0181,0.6797,1,3,4,6,12,12,12,12,13,16,17,19
The farmer ordered the designer out of the room because she wanted privacy. The pronoun she refers to the,60,30,1, farmer, designer,22,circuit, designer,0.3945,0.3066,0.3945,1,3,4,6,10,11,12,14,15,18,19,21
The developer asked the baker to close the window because she was cold. The pronoun she refers to the,28,14,1, developer, baker,22,circuit, baker,0.7695,0.0262,0.7695,1,3,4,6,10,11,12,14,15,18,19,21
The sheriff outran the librarian because she was in shape. The pronoun she refers to the,2,1,1, sheriff, librarian,20,circuit, librarian,0.7852,0.0077,0.7852,1,3,5,7,7,8,9,12,13,16,17,19
The cook trusts the teacher because she is a trustful person. The pronoun she refers to the,66,33,1, cook, teacher,21,circuit, teacher,0.5625,0.1816,0.5625,1,3,4,6,6,7,8,13,14,17,18,20
The supervisor asked the clerk the way to the toilet because she had no idea. The pronoun she refers to the,50,25,1, supervisor, clerk,24,circuit, clerk,0.5156,0.3125,0.5156,1,3,4,6,11,12,13,16,17,20,21,23
The chief asked the designer the way to the toilet because she had no idea. The pronoun she refers to the,50,25,1, chief, designer,24,circuit, designer,0.668,0.1094,0.668,1,3,4,6,11,12,13,16,17,20,21,23
The sheriff relies on the cleaner because she is a trustful person. The pronoun she refers to the,68,34,1, sheriff, cleaner,22,circuit, cleaner,0.8125,0.0002,0.8125,1,3,4,5,7,8,9,14,15,18,19,21
The analyst fell in love with the writer because she was always attracted to nice hands. The pronoun she refers to the,30,15,1, analyst, writer,25,circuit, writer,0.5195,0.2451,0.5195,1,3,7,9,9,10,11,17,18,21,22,24
The lawyer tried to fool the cashier but she was caught. The pronoun she refers to the,16,8,1, lawyer, cashier,20,circuit, cashier,0.7891,0.0112,0.7891,1,3,4,8,8,8,10,12,13,16,17,19
The farmer bought the nurse a gift because she is thankful. The pronoun she refers to the,8,4,1, farmer, nurse,20,circuit, nurse,0.832,0.0284,0.832,1,3,4,6,8,9,10,12,13,16,17,19
The physician asks the teacher where to go because this is her first day here. The pronoun her refers to the,58,29,1, physician, teacher,24,circuit, teacher,0.6445,0.0118,0.6445,1,3,4,6,9,10,11,16,17,20,21,23
The driver outran the secretary because she was in shape. The pronoun she refers to the,2,1,1, driver, secretary,20,circuit, secretary,0.7656,0.0356,0.7656,1,3,5,7,7,8,9,12,13,16,17,19
The driver asked the designer to be more careful because she saw a dangerous person. The pronoun she refers to the,42,21,1, driver, designer,24,circuit, designer,0.5938,0.1924,0.5938,1,3,4,6,10,11,12,16,17,20,21,23
The analyst fell in love with the secretary because she was always attracted to nice hands. The pronoun she refers to the,30,15,1, analyst, secretary,25,circuit, secretary,0.5547,0.1807,0.5547,1,3,7,9,9,10,11,17,18,21,22,24
The manager laughed at the auditor because she heard the joke. The pronoun she refers to the,26,13,1, manager, auditor,20,circuit, auditor,0.4707,0.1348,0.4707,1,3,4,5,7,8,9,12,13,16,17,19
The driver respected the nurse because she knew how difficult that job was. The pronoun she refers to the,40,20,1, driver, nurse,22,circuit, nurse,0.7383,0.0325,0.7383,1,3,4,6,6,7,8,14,15,18,19,21
The guard trusted in the accountant because she liked tall people. The pronoun she refers to the,62,31,1, guard, accountant,20,circuit, accountant,0.7812,0.0342,0.7812,1,3,4,5,7,8,9,12,13,16,17,19
The guard offered apples to the librarian because she had too many of them. The pronoun she refers to the,4,2,1, guard, librarian,23,circuit, librarian,0.7617,0.0459,0.7617,1,3,4,5,8,9,10,15,16,19,20,22
The constructor protected the auditor because she was brave. The pronoun she refers to the,38,19,1, constructor, auditor,18,circuit, auditor,0.5664,0.0022,0.5664,1,3,4,6,6,7,8,10,11,14,15,17
The mechanic laughed at the designer because she heard the joke. The pronoun she refers to the,26,13,1, mechanic, designer,20,circuit, designer,0.7812,0.0209,0.7812,1,3,4,5,7,8,9,12,13,16,17,19
The chief was running from the accountant because she was very busy. The pronoun she refers to the,18,9,1, chief, accountant,21,circuit, accountant,0.7539,0.0214,0.7539,1,3,5,5,8,9,10,13,14,17,18,20
The cook relies on the nurse because she is a trustful person. The pronoun she refers to the,68,34,1, cook, nurse,22,circuit, nurse,0.8242,0.0361,0.8242,1,3,4,5,7,8,9,14,15,18,19,21
The developer corrected the assistant because she better understood the problem. The pronoun she refers to the,20,10,1, developer, assistant,20,circuit, assistant,0.4277,0.0156,0.4277,1,3,4,6,6,7,8,12,13,16,17,19
The chief gave the cashier a ride because she has a car. The pronoun she refers to the,48,24,1, chief, cashier,21,circuit, cashier,0.6641,0.0618,0.6641,1,3,4,6,8,9,10,13,14,17,18,20
The constructor raced against the secretary because she thought it would be easy. The pronoun she refers to the,10,5,1, constructor, secretary,22,circuit, secretary,0.6758,0.0977,0.6758,1,3,4,5,7,8,9,14,15,18,19,21
The mechanic was good friends with the cleaner because she liked everyone. The pronoun she refers to the,36,18,1, mechanic, cleaner,21,circuit, cleaner,0.7969,0.0654,0.7969,1,3,4,6,9,10,11,13,14,17,18,20
The analyst bought the clerk a gift because she is thankful. The pronoun she refers to the,8,4,1, analyst, clerk,20,circuit, clerk,0.6719,0.1699,0.6719,1,3,4,6,8,9,10,12,13,16,17,19
The sheriff asked the cleaner to close the window because she was cold. The pronoun she refers to the,28,14,1, sheriff, cleaner,22,circuit, cleaner,0.7305,0.0067,0.7305,1,3,4,6,10,11,12,14,15,18,19,21
The constructor was running from the attendant because she was very busy. The pronoun she refers to the,18,9,1, constructor, attendant,21,circuit, attendant,0.5703,0.0001,0.5703,1,3,5,5,8,9,10,13,14,17,18,20
The supervisor trusts the writer because she is a trustful person. The pronoun she refers to the,66,33,1, supervisor, writer,21,circuit, writer,0.4355,0.2061,0.4355,1,3,4,6,6,7,8,13,14,17,18,20
The sheriff laughed at the assistant because she heard the joke. The pronoun she refers to the,26,13,1, sheriff, assistant,20,circuit, assistant,0.6875,0.0049,0.6875,1,3,4,5,7,8,9,12,13,16,17,19
The sheriff offered a ride to the cashier but she had an accident on the way. The pronoun she refers to the,46,23,1, sheriff, cashier,25,circuit, cashier,0.8398,0.002,0.8398,1,3,4,6,9,9,11,17,18,21,22,24
The supervisor ordered the nurse out of the room because she wanted privacy. The pronoun she refers to the,60,30,1, supervisor, nurse,22,circuit, nurse,0.3672,0.3672,0.3672,1,3,4,6,10,11,12,14,15,18,19,21
The chief relies on the baker because she is a trustful person. The pronoun she refers to the,68,34,1, chief, baker,22,circuit, baker,0.6016,0.1729,0.6016,1,3,4,5,7,8,9,14,15,18,19,21
The mechanic offered apples to the attendant because she had too many of them. The pronoun she refers to the,4,2,1, mechanic, attendant,23,circuit, attendant,0.6523,0.1001,0.6523,1,3,4,5,8,9,10,15,16,19,20,22
The constructor trusts the librarian because she is a trustful person. The pronoun she refers to the,66,33,1, constructor, librarian,21,circuit, librarian,0.7266,0.0003,0.7266,1,3,4,6,6,7,8,13,14,17,18,20
The guard fell in love with the writer because she was always attracted to nice hands. The pronoun she refers to the,30,15,1, guard, writer,25,circuit, writer,0.5625,0.1514,0.5625,1,3,7,9,9,10,11,17,18,21,22,24
The chief respected the nurse because she knew how difficult that job was. The pronoun she refers to the,40,20,1, chief, nurse,22,circuit, nurse,0.7773,0.025,0.7773,1,3,4,6,6,7,8,14,15,18,19,21
The guard trusts the librarian because she is a trustful person. The pronoun she refers to the,66,33,1, guard, librarian,21,circuit, librarian,0.7891,0.0012,0.7891,1,3,4,6,6,7,8,13,14,17,18,20
The physician offered apples to the nurse because she had too many of them. The pronoun she refers to the,4,2,1, physician, nurse,23,circuit, nurse,0.5352,0.1738,0.5352,1,3,4,5,8,9,10,15,16,19,20,22
The developer shouted at the teacher because she felt offended. The pronoun she refers to the,12,6,1, developer, teacher,19,circuit, teacher,0.5469,0.0835,0.5469,1,3,4,7,7,8,9,11,12,15,16,18
The farmer relies on the nurse because she is a trustful person. The pronoun she refers to the,68,34,1, farmer, nurse,22,circuit, nurse,0.8398,0.0112,0.8398,1,3,4,7,7,8,9,14,15,18,19,21
The mechanic showed the editor the way to the hall because she is very familiar with the city. The pronoun she refers to the,54,27,1, mechanic, editor,27,circuit, editor,0.7539,0.0581,0.7539,1,3,4,6,11,12,13,19,20,23,24,26
The mechanic asked the cleaner the way to the toilet because she had no idea. The pronoun she refers to the,50,25,1, mechanic, cleaner,24,circuit, cleaner,0.6602,0.1475,0.6602,1,3,4,6,11,12,13,16,17,20,21,23
The driver relies on the librarian because she is a trustful person. The pronoun she refers to the,68,34,1, driver, librarian,22,circuit, librarian,0.7539,0.0258,0.7539,1,3,4,5,7,8,9,14,15,18,19,21
The driver bought the nurse a gift because she is thankful. The pronoun she refers to the,8,4,1, driver, nurse,20,circuit, nurse,0.6914,0.0933,0.6914,1,3,4,6,8,9,10,12,13,16,17,19
The mechanic was rude to the clerk because she was in a bad mood. The pronoun she refers to the,34,17,1, mechanic, clerk,23,circuit, clerk,0.7539,0.1021,0.7539,1,3,4,5,8,9,10,15,16,19,20,22
The sheriff showed the editor the direction because she knew the place. The pronoun she refers to the,56,28,1, sheriff, editor,21,circuit, editor,0.25,0.1187,0.25,1,3,4,6,8,9,10,13,14,17,18,20
The physician was rude to the nurse because she was in a bad mood. The pronoun she refers to the,34,17,1, physician, nurse,23,circuit, nurse,0.7617,0.0913,0.7617,1,3,5,5,8,9,10,15,16,19,20,22
The driver helped the cashier because she wanted to help. The pronoun she refers to the,6,3,1, driver, cashier,19,circuit, cashier,0.7305,0.1118,0.7305,1,3,4,6,6,7,8,11,12,15,16,18
The developer raced against the teacher because she thought it would be easy. The pronoun she refers to the,10,5,1, developer, teacher,22,circuit, teacher,0.5938,0.1924,0.5938,1,3,4,5,7,8,9,14,15,18,19,21
The driver admires the work of the cleaner because she appreciates talent. The pronoun she refers to the,64,32,1, driver, cleaner,23,circuit, cleaner,0.6875,0.0092,0.6875,1,3,5,7,10,11,12,15,16,19,20,22
The constructor bought the teacher a gift because she is thankful. The pronoun she refers to the,8,4,1, constructor, teacher,20,circuit, teacher,0.8086,0.0023,0.8086,1,3,4,6,8,9,10,12,13,16,17,19
The constructor ran faster than the librarian because she was in shape. The pronoun she refers to the,14,7,1, constructor, librarian,21,circuit, librarian,0.8398,0.0006,0.8398,1,3,4,5,8,9,10,13,14,17,18,20
The constructor shouted at the counselor because she felt offended. The pronoun she refers to the,12,6,1, constructor, counselor,19,circuit, counselor,0.7383,0.0087,0.7383,1,3,4,7,7,8,9,11,12,15,16,18
The farmer corrected the counselor because she better understood the problem. The pronoun she refers to the,20,10,1, farmer, counselor,20,circuit, counselor,0.543,0.1758,0.543,1,3,4,6,6,7,8,12,13,16,17,19
The farmer asked the cleaner if she could borrow some money. The pronoun she refers to the,22,11,1, farmer, cleaner,20,circuit, cleaner,0.8281,0.0098,0.8281,1,3,4,6,12,12,12,12,13,16,17,19
The mover asked the cleaner if she could borrow some money. The pronoun she refers to the,22,11,1, mover, cleaner,20,circuit, cleaner,0.8672,0.0062,0.8672,1,3,4,6,12,12,12,12,13,16,17,19
The lawyer eats more than the nurse as she is hungry. The pronoun she refers to the,24,12,1, lawyer, nurse,20,circuit, nurse,0.8398,0.0175,0.8398,1,3,4,5,8,9,10,12,13,16,17,19
The supervisor trusted in the nurse because she liked tall people. The pronoun she refers to the,62,31,1, supervisor, nurse,20,circuit, nurse,0.6211,0.1475,0.6211,1,3,4,5,7,8,9,12,13,16,17,19
The chief offered apples to the attendant because she had too many of them. The pronoun she refers to the,4,2,1, chief, attendant,23,circuit, attendant,0.6055,0.0767,0.6055,1,3,4,5,8,9,10,15,16,19,20,22
The developer asked the librarian to be more careful because she saw a dangerous person. The pronoun she refers to the,42,21,1, developer, librarian,24,circuit, librarian,0.9102,0.0023,0.9102,1,3,4,6,10,11,12,16,17,20,21,23
The guard asks the designer where to go because this is her first day here. The pronoun her refers to the,58,29,1, guard, designer,24,circuit, designer,0.7812,0.0052,0.7812,1,3,4,6,9,10,11,16,17,20,21,23
The farmer protected the designer because she was brave. The pronoun she refers to the,38,19,1, farmer, designer,18,circuit, designer,0.6289,0.1797,0.6289,1,3,4,6,6,7,8,10,11,14,15,17
The driver raced against the assistant because she thought it would be easy. The pronoun she refers to the,10,5,1, driver, assistant,22,circuit, assistant,0.459,0.3574,0.459,1,3,4,4,7,8,9,14,15,18,19,21
The sheriff tried to fool the cashier but she was caught. The pronoun she refers to the,16,8,1, sheriff, cashier,20,circuit, cashier,0.8125,0.0062,0.8125,1,3,4,8,8,8,10,12,13,16,17,19
The driver asks the editor where to go because this is her first day here. The pronoun her refers to the,58,29,1, driver, editor,24,circuit, editor,0.5391,0.0417,0.5391,1,3,4,6,9,10,11,16,17,20,21,23
The mechanic took the clerk on a ride because she wanted to show off the city. The pronoun she refers to the,44,22,1, mechanic, clerk,25,circuit, clerk,0.5352,0.1348,0.5352,1,3,4,6,9,10,11,17,18,21,22,24
The developer bought the clerk a gift because she is thankful. The pronoun she refers to the,8,4,1, developer, clerk,20,circuit, clerk,0.8164,0.015,0.8164,1,3,4,6,8,9,10,12,13,16,17,19
The chief showed the counselor the direction because she knew the place. The pronoun she refers to the,56,28,1, chief, counselor,21,circuit, counselor,0.5312,0.127,0.5312,1,3,4,6,8,9,10,13,14,17,18,20
The supervisor respected the designer because she knew how difficult that job was. The pronoun she refers to the,40,20,1, supervisor, designer,22,circuit, designer,0.4961,0.3008,0.4961,1,3,4,6,6,7,8,14,15,18,19,21
The sheriff asked the nurse to be more careful because she saw a dangerous person. The pronoun she refers to the,42,21,1, sheriff, nurse,24,circuit, nurse,0.668,0.013,0.668,1,3,4,6,10,11,12,16,17,20,21,23
The mechanic was running from the clerk because she was very busy. The pronoun she refers to the,18,9,1, mechanic, clerk,21,circuit, clerk,0.6953,0.083,0.6953,1,3,5,5,8,9,10,13,14,17,18,20
The manager tried to fool the accountant but she was caught. The pronoun she refers to the,16,8,1, manager, accountant,20,circuit, accountant,0.6211,0.0479,0.6211,1,3,4,8,8,8,10,12,13,16,17,19
The manager offered a ride to the clerk but she had an accident on the way. The pronoun she refers to the,46,23,1, manager, clerk,25,circuit, clerk,0.7266,0.041,0.7266,1,3,4,6,9,9,11,17,18,21,22,24
The supervisor tried to fool the clerk but she was caught. The pronoun she refers to the,16,8,1, supervisor, clerk,20,circuit, clerk,0.7227,0.0359,0.7227,1,3,4,8,8,8,10,12,13,16,17,19
The farmer shouted at the assistant because she felt offended. The pronoun she refers to the,12,6,1, farmer, assistant,19,circuit, assistant,0.5,0.0869,0.5,1,3,4,5,7,8,9,11,12,15,16,18
The mover bought the accountant a gift because she is thankful. The pronoun she refers to the,8,4,1, mover, accountant,20,circuit, accountant,0.7695,0.0811,0.7695,1,3,4,6,8,9,10,12,13,16,17,19
The constructor ordered the nurse out of the room because she wanted privacy. The pronoun she refers to the,60,30,1, constructor, nurse,22,circuit, nurse,0.3184,0.0554,0.3184,1,3,4,6,10,11,12,14,15,18,19,21
The developer asked the cashier to be more careful because she saw a dangerous person. The pronoun she refers to the,42,21,1, developer, cashier,24,circuit, cashier,0.8477,0.0011,0.8477,1,3,4,6,10,11,12,16,17,20,21,23
The constructor asked the designer the way to the toilet because she had no idea. The pronoun she refers to the,50,25,1, constructor, designer,24,circuit, designer,0.7422,0.0476,0.7422,1,3,4,6,11,12,13,16,17,20,21,23
The physician asks the clerk where to go because this is her first day here. The pronoun her refers to the,58,29,1, physician, clerk,24,circuit, clerk,0.5469,0.0479,0.5469,1,3,4,6,9,10,11,16,17,20,21,23
The developer eats more than the cashier as she is hungry. The pronoun she refers to the,24,12,1, developer, cashier,20,circuit, cashier,0.6641,0.1021,0.6641,1,3,4,5,8,9,10,12,13,16,17,19
The driver protected the auditor because she was brave. The pronoun she refers to the,38,19,1, driver, auditor,18,circuit, auditor,0.3789,0.0698,0.3789,1,3,4,6,6,7,8,11,11,14,15,17
The sheriff admires the work of the secretary because she appreciates talent. The pronoun she refers to the,64,32,1, sheriff, secretary,23,circuit, secretary,0.8203,0.0001,0.8203,1,3,5,7,10,11,12,15,16,19,20,22
The farmer was rude to the clerk because she was in a bad mood. The pronoun she refers to the,34,17,1, farmer, clerk,23,circuit, clerk,0.7383,0.0417,0.7383,1,3,5,5,8,9,10,15,16,19,20,22
The mechanic asked the secretary the way to the toilet because she had no idea. The pronoun she refers to the,50,25,1, mechanic, secretary,24,circuit, secretary,0.6641,0.0659,0.6641,1,3,4,6,11,12,13,16,17,20,21,23
The farmer asks the designer where to go because this is her first day here. The pronoun her refers to the,58,29,1, farmer, designer,24,circuit, designer,0.7695,0.0383,0.7695,1,3,4,6,9,10,11,16,17,20,21,23
The constructor trusts the attendant because she is a trustful person. The pronoun she refers to the,66,33,1, constructor, attendant,21,circuit, attendant,0.7578,0.0,0.7578,1,3,4,6,6,7,8,13,14,17,18,20
The manager shouted at the designer because she felt offended. The pronoun she refers to the,12,6,1, manager, designer,19,circuit, designer,0.4531,0.3535,0.4531,1,3,4,7,7,8,9,11,12,15,16,18
The farmer asks the writer where to go because this is her first day here. The pronoun her refers to the,58,29,1, farmer, writer,24,circuit, writer,0.793,0.0255,0.793,1,3,4,6,9,10,11,16,17,20,21,23
The physician ordered the secretary out of the room because she wanted privacy. The pronoun she refers to the,60,30,1, physician, secretary,22,circuit, secretary,0.5195,0.0583,0.5195,1,3,4,6,10,11,12,14,15,18,19,21
The manager fell in love with the counselor because she was always attracted to nice hands. The pronoun she refers to the,30,15,1, manager, counselor,25,circuit, counselor,0.5586,0.2051,0.5586,1,3,7,9,9,10,11,17,18,21,22,24
The driver shouted at the cleaner because she felt offended. The pronoun she refers to the,12,6,1, driver, cleaner,19,circuit, cleaner,0.5625,0.0864,0.5625,1,3,4,7,7,8,9,11,12,15,16,18
The mechanic raced against the secretary because she thought it would be easy. The pronoun she refers to the,10,5,1, mechanic, secretary,22,circuit, secretary,0.8242,0.041,0.8242,1,3,4,5,7,8,9,14,15,18,19,21
The sheriff offered apples to the writer because she had too many of them. The pronoun she refers to the,4,2,1, sheriff, writer,23,circuit, writer,0.8359,0.003,0.8359,1,3,4,5,8,9,10,15,16,19,20,22
The farmer gave the teacher a ride because she has a car. The pronoun she refers to the,48,24,1, farmer, teacher,21,circuit, teacher,0.6758,0.104,0.6758,1,3,4,6,8,9,10,13,14,17,18,20
The constructor showed the librarian the direction because she knew the place. The pronoun she refers to the,56,28,1, constructor, librarian,21,circuit, librarian,0.6953,0.0135,0.6953,1,3,4,6,8,9,10,13,14,17,18,20
The guard respected the editor because she knew how difficult that job was. The pronoun she refers to the,40,20,1, guard, editor,22,circuit, editor,0.4336,0.1494,0.4336,1,3,4,6,6,7,8,14,15,18,19,21
The guard gave the secretary a ride because she has a car. The pronoun she refers to the,48,24,1, guard, secretary,21,circuit, secretary,0.7969,0.0398,0.7969,1,3,4,6,8,9,10,13,14,17,18,20
The mechanic respected the accountant because she knew how difficult that job was. The pronoun she refers to the,40,20,1, mechanic, accountant,22,circuit, accountant,0.8203,0.0097,0.8203,1,3,4,6,6,7,8,14,15,18,19,21
The driver shouted at the assistant because she felt offended. The pronoun she refers to the,12,6,1, driver, assistant,19,circuit, assistant,0.4727,0.0991,0.4727,1,3,4,7,7,8,9,11,12,15,16,18
The lawyer trusted in the cashier because she liked tall people. The pronoun she refers to the,62,31,1, lawyer, cashier,20,circuit, cashier,0.668,0.1025,0.668,1,3,4,5,7,8,9,12,13,16,17,19
The lawyer bought the writer a gift because she is thankful. The pronoun she refers to the,8,4,1, lawyer, writer,20,circuit, writer,0.5039,0.3477,0.5039,1,3,4,6,8,9,10,12,13,16,17,19
The sheriff trusts the auditor because she is a trustful person. The pronoun she refers to the,66,33,1, sheriff, auditor,21,circuit, auditor,0.6914,0.0005,0.6914,1,3,4,6,6,7,8,13,14,17,18,20
The manager laughed at the baker because she heard the joke. The pronoun she refers to the,26,13,1, manager, baker,20,circuit, baker,0.5156,0.0894,0.5156,1,3,4,5,7,8,9,12,13,16,17,19
The chief ordered the accountant out of the room because she wanted privacy. The pronoun she refers to the,60,30,1, chief, accountant,22,circuit, accountant,0.4805,0.1377,0.4805,1,3,4,6,10,11,12,14,15,18,19,21
The developer earns more than the assistant because she works hard. The pronoun she refers to the,52,26,1, developer, assistant,20,circuit, assistant,0.6523,0.0781,0.6523,1,3,4,5,8,9,10,12,13,16,17,19
The chief admires the work of the nurse because she appreciates talent. The pronoun she refers to the,64,32,1, chief, nurse,23,circuit, nurse,0.8633,0.0192,0.8633,1,3,5,7,10,11,12,15,16,19,20,22
The farmer asked the teacher to be more careful because she saw a dangerous person. The pronoun she refers to the,42,21,1, farmer, teacher,24,circuit, teacher,0.7188,0.0669,0.7188,1,3,4,6,10,11,12,16,17,20,21,23
The lawyer shouted at the counselor because she felt offended. The pronoun she refers to the,12,6,1, lawyer, counselor,19,circuit, counselor,0.5,0.1187,0.5,1,3,4,7,7,8,9,11,12,15,16,18
The farmer showed the teacher the direction because she knew the place. The pronoun she refers to the,56,28,1, farmer, teacher,21,circuit, teacher,0.5195,0.2168,0.5195,1,3,4,6,8,9,10,13,14,17,18,20
The sheriff eats more than the nurse as she is hungry. The pronoun she refers to the,24,12,1, sheriff, nurse,20,circuit, nurse,0.8945,0.0006,0.8945,1,3,4,5,8,9,10,12,13,16,17,19
The driver admires the work of the librarian because she appreciates talent. The pronoun she refers to the,64,32,1, driver, librarian,23,circuit, librarian,0.8086,0.0109,0.8086,1,3,5,7,10,11,12,15,16,19,20,22
The mover was rude to the cashier because she was in a bad mood. The pronoun she refers to the,34,17,1, mover, cashier,23,circuit, cashier,0.6289,0.2969,0.6289,1,3,5,5,8,9,10,15,16,19,20,22
The farmer asked the accountant if she could borrow some money. The pronoun she refers to the,22,11,1, farmer, accountant,20,circuit, accountant,0.8164,0.008,0.8164,1,3,4,6,12,12,12,12,13,16,17,19
The farmer gave a free ride to the cashier because she wanted to repay a favor. The pronoun she refers to the,70,35,1, farmer, cashier,25,circuit, cashier,0.8594,0.0178,0.8594,1,3,4,7,10,11,12,17,18,21,22,24
The chief offered apples to the auditor because she had too many of them. The pronoun she refers to the,4,2,1, chief, auditor,23,circuit, auditor,0.8242,0.032,0.8242,1,3,4,5,8,9,10,15,16,19,20,22
The manager bought the writer a gift because she is thankful. The pronoun she refers to the,8,4,1, manager, writer,20,circuit, writer,0.5195,0.3164,0.5195,1,3,4,6,8,9,10,12,13,16,17,19
The guard offered apples to the designer because she had too many of them. The pronoun she refers to the,4,2,1, guard, designer,23,circuit, designer,0.4082,0.2793,0.4082,1,3,4,5,8,9,10,15,16,19,20,22
The supervisor offered a ride to the assistant but she had an accident on the way. The pronoun she refers to the,46,23,1, supervisor, assistant,25,circuit, assistant,0.7461,0.0165,0.7461,1,3,4,6,9,9,11,17,18,21,22,24
The mechanic offered apples to the teacher because she had too many of them. The pronoun she refers to the,4,2,1, mechanic, teacher,23,circuit, teacher,0.6562,0.1289,0.6562,1,3,4,5,8,9,10,15,16,19,20,22
The mover tried to fool the counselor but she was caught. The pronoun she refers to the,16,8,1, mover, counselor,20,circuit, counselor,0.5977,0.1514,0.5977,1,3,6,8,8,8,10,12,13,16,17,19
The analyst asked the teacher to close the window because she was cold. The pronoun she refers to the,28,14,1, analyst, teacher,22,circuit, teacher,0.3164,0.3164,0.3164,1,3,4,6,10,11,12,14,15,18,19,21
The physician gave a free ride to the secretary because she wanted to repay a favor. The pronoun she refers to the,70,35,1, physician, secretary,25,circuit, secretary,0.5469,0.2275,0.5469,1,3,4,7,10,11,12,17,18,21,22,24
The driver asked the counselor if she could borrow some money. The pronoun she refers to the,22,11,1, driver, counselor,20,circuit, counselor,0.5,0.1836,0.5,1,3,4,6,12,12,12,12,13,16,17,19
The physician protected the cashier because she was brave. The pronoun she refers to the,38,19,1, physician, cashier,18,circuit, cashier,0.8086,0.0168,0.8086,1,3,4,6,6,7,8,10,11,14,15,17
The constructor showed the baker the direction because she knew the place. The pronoun she refers to the,56,28,1, constructor, baker,21,circuit, baker,0.793,0.0121,0.793,1,3,4,6,8,9,10,13,14,17,18,20
The supervisor trusted in the assistant because she liked tall people. The pronoun she refers to the,62,31,1, supervisor, assistant,20,circuit, assistant,0.4551,0.3535,0.4551,1,3,4,5,7,8,9,12,13,16,17,19
The chief offered apples to the accountant because she had too many of them. The pronoun she refers to the,4,2,1, chief, accountant,23,circuit, accountant,0.5898,0.0586,0.5898,1,3,4,5,8,9,10,15,16,19,20,22
The analyst trusts the secretary because she is a trustful person. The pronoun she refers to the,66,33,1, analyst, secretary,21,circuit, secretary,0.5938,0.0457,0.5938,1,3,4,6,6,7,8,13,14,17,18,20
The cook admires the work of the secretary because she appreciates talent. The pronoun she refers to the,64,32,1, cook, secretary,23,circuit, secretary,0.6758,0.1177,0.6758,1,3,5,7,10,11,12,15,16,19,20,22
The sheriff relies on the editor because she is a trustful person. The pronoun she refers to the,68,34,1, sheriff, editor,22,circuit, editor,0.5898,0.0042,0.5898,1,3,4,5,7,8,9,14,15,18,19,21
The driver offered apples to the counselor because she had too many of them. The pronoun she refers to the,4,2,1, driver, counselor,23,circuit, counselor,0.3203,0.25,0.3203,1,3,4,5,8,9,10,15,16,19,20,22
The lawyer fell in love with the cleaner because she was always attracted to nice hands. The pronoun she refers to the,30,15,1, lawyer, cleaner,25,circuit, cleaner,0.5508,0.1016,0.5508,1,3,7,9,9,10,11,17,18,21,22,24
The mover admires the work of the baker because she appreciates talent. The pronoun she refers to the,64,32,1, mover, baker,23,circuit, baker,0.7422,0.0393,0.7422,1,3,5,7,10,11,12,15,16,19,20,22
The supervisor trusted in the designer because she liked tall people. The pronoun she refers to the,62,31,1, supervisor, designer,20,circuit, designer,0.5078,0.3086,0.5078,1,3,4,5,7,8,9,12,13,16,17,19
The developer gave a free ride to the cleaner because she wanted to repay a favor. The pronoun she refers to the,70,35,1, developer, cleaner,25,circuit, cleaner,0.8008,0.0242,0.8008,1,3,4,7,10,11,12,17,18,21,22,24
The guard admires the work of the librarian because she appreciates talent. The pronoun she refers to the,64,32,1, guard, librarian,23,circuit, librarian,0.8477,0.0047,0.8477,1,3,5,7,10,11,12,15,16,19,20,22
The analyst raced against the nurse because she thought it would be easy. The pronoun she refers to the,10,5,1, analyst, nurse,22,circuit, nurse,0.4258,0.332,0.4258,1,3,4,5,7,8,9,14,15,18,19,21
The physician was rude to the clerk because she was in a bad mood. The pronoun she refers to the,34,17,1, physician, clerk,23,circuit, clerk,0.6289,0.2041,0.6289,1,3,5,5,8,9,10,15,16,19,20,22
The constructor took the sewer on a ride because she wanted to show off the city. The pronoun she refers to the,44,22,1, constructor, sewer,25,circuit, sewer,0.5781,0.1069,0.5781,1,3,4,6,9,10,11,17,18,21,22,24
The supervisor bought the baker a gift because she is thankful. The pronoun she refers to the,8,4,1, supervisor, baker,20,circuit, baker,0.7969,0.0349,0.7969,1,3,4,6,8,9,10,12,13,16,17,19
The constructor corrected the baker because she better understood the problem. The pronoun she refers to the,20,10,1, constructor, baker,20,circuit, baker,0.6367,0.0046,0.6367,1,3,4,6,6,7,8,12,13,16,17,19
The chief was rude to the assistant because she was in a bad mood. The pronoun she refers to the,34,17,1, chief, assistant,23,circuit, assistant,0.7656,0.0247,0.7656,1,3,5,5,8,9,10,15,16,19,20,22
The chief corrected the cleaner because she better understood the problem. The pronoun she refers to the,20,10,1, chief, cleaner,20,circuit, cleaner,0.7461,0.0225,0.7461,1,3,4,6,6,7,8,12,13,16,17,19
The developer respected the writer because she knew how difficult that job was. The pronoun she refers to the,40,20,1, developer, writer,22,circuit, writer,0.582,0.0349,0.582,1,3,4,6,6,7,8,14,15,18,19,21
The guard helped the secretary because she wanted to help. The pronoun she refers to the,6,3,1, guard, secretary,19,circuit, secretary,0.625,0.1084,0.625,1,3,4,6,6,7,8,11,12,15,16,18
The guard showed the assistant the direction because she knew the place. The pronoun she refers to the,56,28,1, guard, assistant,21,circuit, assistant,0.4141,0.1953,0.4141,1,3,4,6,8,9,10,13,14,17,18,20
The mechanic ordered the teacher out of the room because she wanted privacy. The pronoun she refers to the,60,30,1, mechanic, teacher,22,circuit, teacher,0.6719,0.043,0.6719,1,3,4,6,10,11,12,14,15,18,19,21
The analyst relies on the cleaner because she is a trustful person. The pronoun she refers to the,68,34,1, analyst, cleaner,22,circuit, cleaner,0.7109,0.0703,0.7109,1,3,4,5,7,8,9,14,15,18,19,21
The mechanic asks the cleaner where to go because this is her first day here. The pronoun her refers to the,58,29,1, mechanic, cleaner,24,circuit, cleaner,0.7656,0.0012,0.7656,1,3,4,6,9,10,11,16,17,20,21,23
The sheriff offered a ride to the assistant but she had an accident on the way. The pronoun she refers to the,46,23,1, sheriff, assistant,25,circuit, assistant,0.7031,0.0078,0.7031,1,3,4,6,9,9,11,17,18,21,22,24
The physician trusts the counselor because she is a trustful person. The pronoun she refers to the,66,33,1, physician, counselor,21,circuit, counselor,0.6211,0.0615,0.6211,1,3,4,6,6,7,8,13,14,17,18,20
The farmer asked the accountant the way to the toilet because she had no idea. The pronoun she refers to the,50,25,1, farmer, accountant,24,circuit, accountant,0.5078,0.2715,0.5078,1,3,4,6,11,12,13,16,17,20,21,23
The chief gave the cleaner a ride because she has a car. The pronoun she refers to the,48,24,1, chief, cleaner,21,circuit, cleaner,0.7109,0.007,0.7109,1,3,4,6,8,9,10,13,14,17,18,20
The physician was good friends with the writer because she liked everyone. The pronoun she refers to the,36,18,1, physician, writer,21,circuit, writer,0.5234,0.2793,0.5234,1,3,4,6,9,10,11,13,14,17,18,20
The analyst laughed at the secretary because she heard the joke. The pronoun she refers to the,26,13,1, analyst, secretary,20,circuit, secretary,0.6406,0.0767,0.6406,1,3,4,7,7,8,9,12,13,16,17,19
The chief trusts the teacher because she is a trustful person. The pronoun she refers to the,66,33,1, chief, teacher,21,circuit, teacher,0.7227,0.0029,0.7227,1,3,4,6,6,7,8,13,14,17,18,20
The manager offered a ride to the nurse but she had an accident on the way. The pronoun she refers to the,46,23,1, manager, nurse,25,circuit, nurse,0.7227,0.0383,0.7227,1,3,4,6,9,9,11,17,18,21,22,24
The cook asked the assistant if she could borrow some money. The pronoun she refers to the,22,11,1, cook, assistant,20,circuit, assistant,0.5898,0.1484,0.5898,1,3,4,6,12,12,12,12,13,16,17,19
The lawyer was rude to the cleaner because she was in a bad mood. The pronoun she refers to the,34,17,1, lawyer, cleaner,23,circuit, cleaner,0.7812,0.1055,0.7812,1,3,5,5,8,9,10,15,16,19,20,22
The sheriff gave the writer a ride because she has a car. The pronoun she refers to the,48,24,1, sheriff, writer,21,circuit, writer,0.7031,0.0226,0.7031,1,3,4,6,8,9,10,13,14,17,18,20
The analyst tried to fool the baker but she was caught. The pronoun she refers to the,16,8,1, analyst, baker,20,circuit, baker,0.3789,0.3359,0.3789,1,3,4,8,8,8,10,13,13,16,17,19
The supervisor gave a free ride to the nurse because she wanted to repay a favor. The pronoun she refers to the,70,35,1, supervisor, nurse,25,circuit, nurse,0.418,0.3691,0.418,1,3,4,7,10,11,12,17,18,21,22,24
The guard ordered the assistant out of the room because she wanted privacy. The pronoun she refers to the,60,30,1, guard, assistant,22,circuit, assistant,0.3574,0.3145,0.3574,1,3,4,6,10,11,12,14,15,18,19,21
The constructor corrected the accountant because she better understood the problem. The pronoun she refers to the,20,10,1, constructor, accountant,20,circuit, accountant,0.5195,0.0095,0.5195,1,3,4,6,6,7,8,12,13,16,17,19
The manager took the cleaner on a ride because she wanted to show off the city. The pronoun she refers to the,44,22,1, manager, cleaner,25,circuit, cleaner,0.6562,0.166,0.6562,1,3,4,6,9,10,11,17,18,21,22,24
The manager ordered the cleaner out of the room because she wanted privacy. The pronoun she refers to the,60,30,1, manager, cleaner,22,circuit, cleaner,0.5586,0.2051,0.5586,1,3,4,6,10,11,12,14,15,18,19,21
The lawyer was good friends with the cleaner because she liked everyone. The pronoun she refers to the,36,18,1, lawyer, cleaner,21,circuit, cleaner,0.498,0.3867,0.498,1,3,4,6,9,10,11,13,14,17,18,20
The guard protected the attendant because she was brave. The pronoun she refers to the,38,19,1, guard, attendant,18,circuit, attendant,0.6602,0.0146,0.6602,1,3,4,6,6,7,8,10,11,14,15,17
The chief asked the cashier the way to the toilet because she had no idea. The pronoun she refers to the,50,25,1, chief, cashier,24,circuit, cashier,0.793,0.0576,0.793,1,3,4,6,11,12,13,16,17,20,21,23
The supervisor bought the secretary a gift because she is thankful. The pronoun she refers to the,8,4,1, supervisor, secretary,20,circuit, secretary,0.8477,0.0226,0.8477,1,3,4,6,8,9,10,12,13,16,17,19
The sheriff offered apples to the attendant because she had too many of them. The pronoun she refers to the,4,2,1, sheriff, attendant,23,circuit, attendant,0.5703,0.0126,0.5703,1,3,4,5,8,9,10,15,16,19,20,22
The mover asked the clerk to be more careful because she saw a dangerous person. The pronoun she refers to the,42,21,1, mover, clerk,24,circuit, clerk,0.6523,0.1865,0.6523,1,3,4,6,10,11,12,16,17,20,21,23
The cook showed the cleaner the way to the hall because she is very familiar with the city. The pronoun she refers to the,54,27,1, cook, cleaner,27,circuit, cleaner,0.832,0.0364,0.832,1,3,4,6,11,12,13,19,20,23,24,26
The guard tried to fool the editor but she was caught. The pronoun she refers to the,16,8,1, guard, editor,20,circuit, editor,0.5586,0.0588,0.5586,1,3,6,8,8,8,10,12,13,16,17,19
The mover relies on the cleaner because she is a trustful person. The pronoun she refers to the,68,34,1, mover, cleaner,22,circuit, cleaner,0.668,0.085,0.668,1,3,4,5,7,8,9,14,15,18,19,21
The developer earns more than the teacher because she works hard. The pronoun she refers to the,52,26,1, developer, teacher,20,circuit, teacher,0.332,0.332,0.332,1,3,4,5,8,9,10,12,13,16,17,19
The analyst asked the secretary the way to the toilet because she had no idea. The pronoun she refers to the,50,25,1, analyst, secretary,24,circuit, secretary,0.3398,0.249,0.3398,1,3,4,6,11,12,13,16,17,20,21,23
The analyst trusted in the librarian because she liked tall people. The pronoun she refers to the,62,31,1, analyst, librarian,20,circuit, librarian,0.7852,0.0645,0.7852,1,3,4,5,7,8,9,12,13,16,17,19
The physician raced against the secretary because she thought it would be easy. The pronoun she refers to the,10,5,1, physician, secretary,22,circuit, secretary,0.5547,0.2969,0.5547,1,3,4,4,7,8,9,14,15,18,19,21
The analyst tried to fool the sewer but she was caught. The pronoun she refers to the,16,8,1, analyst, sewer,20,circuit, sewer,0.5,0.2363,0.5,1,3,4,6,8,8,10,12,13,16,17,19
The mover showed the cashier the way to the hall because she is very familiar with the city. The pronoun she refers to the,54,27,1, mover, cashier,27,circuit, cashier,0.5625,0.207,0.5625,1,3,4,6,11,12,13,19,20,23,24,26
The mover laughed at the cashier because she heard the joke. The pronoun she refers to the,26,13,1, mover, cashier,20,circuit, cashier,0.6562,0.0781,0.6562,1,3,4,5,7,8,9,12,13,16,17,19
The developer trusted in the librarian because she liked tall people. The pronoun she refers to the,62,31,1, developer, librarian,20,circuit, librarian,0.793,0.0306,0.793,1,3,4,5,7,8,9,12,13,16,17,19
The constructor was running from the librarian because she was very busy. The pronoun she refers to the,18,9,1, constructor, librarian,21,circuit, librarian,0.668,0.0003,0.668,1,3,5,5,8,9,10,13,14,17,18,20
The mechanic bought the designer a gift because she is thankful. The pronoun she refers to the,8,4,1, mechanic, designer,20,circuit, designer,0.7422,0.1465,0.7422,1,3,4,6,8,9,10,12,13,16,17,19
The farmer offered a ride to the baker but she had an accident on the way. The pronoun she refers to the,46,23,1, farmer, baker,25,circuit, baker,0.7188,0.0261,0.7188,1,3,4,6,9,9,11,18,18,21,22,24
The guard showed the secretary the way to the hall because she is very familiar with the city. The pronoun she refers to the,54,27,1, guard, secretary,27,circuit, secretary,0.7734,0.032,0.7734,1,3,4,6,11,12,13,19,20,23,24,26
The sheriff trusted in the editor because she liked tall people. The pronoun she refers to the,62,31,1, sheriff, editor,20,circuit, editor,0.4727,0.0771,0.4727,1,3,4,5,7,8,9,12,13,16,17,19
The supervisor offered apples to the attendant because she had too many of them. The pronoun she refers to the,4,2,1, supervisor, attendant,23,circuit, attendant,0.5703,0.21,0.5703,1,3,4,5,8,9,10,15,16,19,20,22
The mechanic respected the writer because she knew how difficult that job was. The pronoun she refers to the,40,20,1, mechanic, writer,22,circuit, writer,0.5938,0.0554,0.5938,1,3,4,6,6,7,8,14,15,18,19,21
The driver offered apples to the auditor because she had too many of them. The pronoun she refers to the,4,2,1, driver, auditor,23,circuit, auditor,0.4746,0.2246,0.4746,1,3,4,5,8,9,10,15,16,19,20,22
The manager fell in love with the assistant because she was always attracted to nice hands. The pronoun she refers to the,30,15,1, manager, assistant,25,circuit, assistant,0.582,0.166,0.582,1,3,7,9,9,10,11,17,18,21,22,24
The constructor admires the work of the sewer because she appreciates talent. The pronoun she refers to the,64,32,1, constructor, sewer,23,circuit, sewer,0.4316,0.0483,0.4316,1,3,5,7,10,11,12,15,16,19,20,22
The chief was good friends with the cleaner because she liked everyone. The pronoun she refers to the,36,18,1, chief, cleaner,21,circuit, cleaner,0.75,0.0742,0.75,1,3,4,6,9,10,11,13,14,17,18,20
The farmer asked the secretary if she could borrow some money. The pronoun she refers to the,22,11,1, farmer, secretary,20,circuit, secretary,0.7305,0.0143,0.7305,1,3,4,6,12,12,12,12,13,16,17,19
The constructor was rude to the auditor because she was in a bad mood. The pronoun she refers to the,34,17,1, constructor, auditor,23,circuit, auditor,0.6836,0.0679,0.6836,1,3,5,5,8,9,10,15,16,19,20,22
The constructor trusts the sewer because she is a trustful person. The pronoun she refers to the,66,33,1, constructor, sewer,21,circuit, sewer,0.2617,0.0427,0.2617,1,3,4,6,6,7,8,13,14,17,18,20
The farmer asked the editor if she could borrow some money. The pronoun she refers to the,22,11,1, farmer, editor,20,circuit, editor,0.377,0.1387,0.377,1,3,4,6,12,12,12,12,13,16,17,19
The developer was good friends with the teacher because she liked everyone. The pronoun she refers to the,36,18,1, developer, teacher,21,circuit, teacher,0.7188,0.0757,0.7188,1,3,4,6,9,10,11,13,14,17,18,20
The chief asked the librarian if she could borrow some money. The pronoun she refers to the,22,11,1, chief, librarian,20,circuit, librarian,0.7031,0.0272,0.7031,1,3,4,6,12,12,12,12,13,16,17,19
The chief took the nurse on a ride because she wanted to show off the city. The pronoun she refers to the,44,22,1, chief, nurse,25,circuit, nurse,0.5508,0.1797,0.5508,1,3,4,6,9,10,11,17,18,21,22,24
The chief fell in love with the cashier because she was always attracted to nice hands. The pronoun she refers to the,30,15,1, chief, cashier,25,circuit, cashier,0.8203,0.0133,0.8203,1,3,7,9,9,10,11,17,18,21,22,24
The chief trusted in the counselor because she liked tall people. The pronoun she refers to the,62,31,1, chief, counselor,20,circuit, counselor,0.6445,0.0986,0.6445,1,3,4,5,7,8,9,12,13,16,17,19
The constructor laughed at the assistant because she heard the joke. The pronoun she refers to the,26,13,1, constructor, assistant,20,circuit, assistant,0.5664,0.0059,0.5664,1,3,4,5,7,8,9,12,13,16,17,19
The developer gave the nurse a ride because she has a car. The pronoun she refers to the,48,24,1, developer, nurse,21,circuit, nurse,0.7656,0.0096,0.7656,1,3,4,6,8,9,10,13,14,17,18,20
The developer showed the nurse the direction because she knew the place. The pronoun she refers to the,56,28,1, developer, nurse,21,circuit, nurse,0.6641,0.0513,0.6641,1,3,4,6,8,9,10,13,14,17,18,20
The supervisor trusts the nurse because she is a trustful person. The pronoun she refers to the,66,33,1, supervisor, nurse,21,circuit, nurse,0.7969,0.0374,0.7969,1,3,4,6,6,7,8,13,14,17,18,20
The farmer asks the assistant where to go because this is her first day here. The pronoun her refers to the,58,29,1, farmer, assistant,24,circuit, assistant,0.6953,0.0184,0.6953,1,3,4,6,9,10,11,16,17,20,21,23
The farmer protected the assistant because she was brave. The pronoun she refers to the,38,19,1, farmer, assistant,18,circuit, assistant,0.668,0.0228,0.668,1,3,4,6,6,7,8,10,11,14,15,17
The chief admires the work of the cleaner because she appreciates talent. The pronoun she refers to the,64,32,1, chief, cleaner,23,circuit, cleaner,0.7617,0.007,0.7617,1,3,5,7,10,11,12,15,16,19,20,22
The mover asked the cleaner to close the window because she was cold. The pronoun she refers to the,28,14,1, mover, cleaner,22,circuit, cleaner,0.7734,0.1187,0.7734,1,3,4,6,10,11,12,14,15,18,19,21
The constructor outran the librarian because she was in shape. The pronoun she refers to the,2,1,1, constructor, librarian,20,circuit, librarian,0.6367,0.0125,0.6367,1,3,5,7,7,8,9,12,13,16,17,19
The guard trusted in the writer because she liked tall people. The pronoun she refers to the,62,31,1, guard, writer,20,circuit, writer,0.4609,0.2041,0.4609,1,3,4,5,7,8,9,12,13,16,17,19
The supervisor corrected the auditor because she better understood the problem. The pronoun she refers to the,20,10,1, supervisor, auditor,20,circuit, auditor,0.4297,0.3789,0.4297,1,3,4,6,6,7,8,12,13,16,17,19
The farmer showed the cleaner the way to the hall because she is very familiar with the city. The pronoun she refers to the,54,27,1, farmer, cleaner,27,circuit, cleaner,0.793,0.0308,0.793,1,3,4,6,11,12,13,19,20,23,24,26
The mover corrected the librarian because she better understood the problem. The pronoun she refers to the,20,10,1, mover, librarian,20,circuit, librarian,0.4648,0.0811,0.4648,1,3,4,6,6,7,8,12,13,16,17,19
The farmer trusted in the writer because she liked tall people. The pronoun she refers to the,62,31,1, farmer, writer,20,circuit, writer,0.6914,0.0645,0.6914,1,3,4,5,7,8,9,12,13,16,17,19
The manager tried to fool the designer but she was caught. The pronoun she refers to the,16,8,1, manager, designer,20,circuit, designer,0.6172,0.2266,0.6172,1,3,4,6,8,8,10,12,13,16,17,19
The constructor asked the baker to close the window because she was cold. The pronoun she refers to the,28,14,1, constructor, baker,22,circuit, baker,0.7578,0.0139,0.7578,1,3,4,6,10,11,12,14,15,18,19,21
The mover trusted in the accountant because she liked tall people. The pronoun she refers to the,62,31,1, mover, accountant,20,circuit, accountant,0.5781,0.2412,0.5781,1,3,4,5,7,8,9,12,13,16,17,19
The driver offered apples to the clerk because she had too many of them. The pronoun she refers to the,4,2,1, driver, clerk,23,circuit, clerk,0.5469,0.1777,0.5469,1,3,4,5,8,9,10,15,16,19,20,22
The driver offered apples to the cashier because she had too many of them. The pronoun she refers to the,4,2,1, driver, cashier,23,circuit, cashier,0.6758,0.0757,0.6758,1,3,4,5,8,9,10,15,16,19,20,22
The analyst shouted at the librarian because she felt offended. The pronoun she refers to the,12,6,1, analyst, librarian,19,circuit, librarian,0.7578,0.0454,0.7578,1,3,4,7,7,8,9,11,12,15,16,18
The constructor took the teacher on a ride because she wanted to show off the city. The pronoun she refers to the,44,22,1, constructor, teacher,25,circuit, teacher,0.7578,0.019,0.7578,1,3,4,6,9,10,11,17,18,21,22,24
The supervisor showed the librarian the direction because she knew the place. The pronoun she refers to the,56,28,1, supervisor, librarian,21,circuit, librarian,0.6641,0.1152,0.6641,1,3,4,6,8,9,10,13,14,17,18,20
The mover asked the accountant if she could borrow some money. The pronoun she refers to the,22,11,1, mover, accountant,20,circuit, accountant,0.7539,0.0581,0.7539,1,3,4,6,12,12,12,12,13,16,17,19
The guard showed the librarian the way to the hall because she is very familiar with the city. The pronoun she refers to the,54,27,1, guard, librarian,27,circuit, librarian,0.7891,0.0444,0.7891,1,3,4,6,11,12,13,19,20,23,24,26
The developer was rude to the auditor because she was in a bad mood. The pronoun she refers to the,34,17,1, developer, auditor,23,circuit, auditor,0.6797,0.1719,0.6797,1,3,5,5,8,9,10,15,16,19,20,22
The guard was good friends with the cashier because she liked everyone. The pronoun she refers to the,36,18,1, guard, cashier,21,circuit, cashier,0.6523,0.2119,0.6523,1,3,4,6,9,10,11,13,14,17,18,20
The mover protected the nurse because she was brave. The pronoun she refers to the,38,19,1, mover, nurse,18,circuit, nurse,0.7344,0.0135,0.7344,1,3,4,6,6,7,8,10,11,14,15,17
The manager respected the librarian because she knew how difficult that job was. The pronoun she refers to the,40,20,1, manager, librarian,22,circuit, librarian,0.7656,0.0317,0.7656,1,3,4,6,6,7,8,14,15,18,19,21
The constructor protected the cashier because she was brave. The pronoun she refers to the,38,19,1, constructor, cashier,18,circuit, cashier,0.4648,0.0012,0.4648,1,3,4,6,6,7,8,10,11,14,15,17
The sheriff respected the attendant because she knew how difficult that job was. The pronoun she refers to the,40,20,1, sheriff, attendant,22,circuit, attendant,0.6406,0.0012,0.6406,1,3,4,6,6,7,8,14,15,18,19,21
The manager asks the nurse where to go because this is her first day here. The pronoun her refers to the,58,29,1, manager, nurse,24,circuit, nurse,0.668,0.0747,0.668,1,3,4,6,9,10,11,16,17,20,21,23
The constructor admires the work of the accountant because she appreciates talent. The pronoun she refers to the,64,32,1, constructor, accountant,23,circuit, accountant,0.7578,0.0004,0.7578,1,3,5,7,10,11,12,15,16,19,20,22
The analyst corrected the cleaner because she better understood the problem. The pronoun she refers to the,20,10,1, analyst, cleaner,20,circuit, cleaner,0.5547,0.0962,0.5547,1,3,4,6,6,7,8,12,13,16,17,19
The guard fell in love with the clerk because she was always attracted to nice hands. The pronoun she refers to the,30,15,1, guard, clerk,25,circuit, clerk,0.7891,0.0306,0.7891,1,3,7,9,9,10,11,17,18,21,22,24
The chief gave the counselor a ride because she has a car. The pronoun she refers to the,48,24,1, chief, counselor,21,circuit, counselor,0.6953,0.0474,0.6953,1,3,4,6,8,9,10,13,14,17,18,20
The constructor relies on the cleaner because she is a trustful person. The pronoun she refers to the,68,34,1, constructor, cleaner,22,circuit, cleaner,0.6836,0.0004,0.6836,1,3,4,7,7,8,9,14,15,18,19,21
The developer took the editor on a ride because she wanted to show off the city. The pronoun she refers to the,44,22,1, developer, editor,25,circuit, editor,0.4277,0.2432,0.4277,1,3,4,6,9,10,11,17,18,21,22,24
The mechanic showed the designer the direction because she knew the place. The pronoun she refers to the,56,28,1, mechanic, designer,21,circuit, designer,0.4395,0.3418,0.4395,1,3,4,6,8,9,10,13,14,17,18,20
The supervisor protected the teacher because she was brave. The pronoun she refers to the,38,19,1, supervisor, teacher,18,circuit, teacher,0.5273,0.0713,0.5273,1,3,4,6,6,7,8,10,11,14,15,17
The lawyer bought the clerk a gift because she is thankful. The pronoun she refers to the,8,4,1, lawyer, clerk,20,circuit, clerk,0.668,0.1494,0.668,1,3,4,6,8,9,10,12,13,16,17,19
The sheriff took the cashier on a ride because she wanted to show off the city. The pronoun she refers to the,44,22,1, sheriff, cashier,25,circuit, cashier,0.6562,0.0688,0.6562,1,3,4,6,9,10,11,17,18,21,22,24
The analyst asked the counselor to be more careful because she saw a dangerous person. The pronoun she refers to the,42,21,1, analyst, counselor,24,circuit, counselor,0.4375,0.2061,0.4375,1,3,4,6,10,11,12,16,17,20,21,23
The mover took the secretary on a ride because she wanted to show off the city. The pronoun she refers to the,44,22,1, mover, secretary,25,circuit, secretary,0.4004,0.4004,0.4004,1,3,4,6,9,10,11,17,18,21,22,24
The constructor bought the auditor a gift because she is thankful. The pronoun she refers to the,8,4,1, constructor, auditor,20,circuit, auditor,0.7578,0.0102,0.7578,1,3,4,6,8,9,10,12,13,16,17,19
The supervisor trusted in the baker because she liked tall people. The pronoun she refers to the,62,31,1, supervisor, baker,20,circuit, baker,0.4941,0.2061,0.4941,1,3,4,5,7,8,9,12,13,16,17,19
The guard was rude to the cashier because she was in a bad mood. The pronoun she refers to the,34,17,1, guard, cashier,23,circuit, cashier,0.7578,0.1484,0.7578,1,3,5,5,8,9,10,15,16,19,20,22
The sheriff relies on the assistant because she is a trustful person. The pronoun she refers to the,68,34,1, sheriff, assistant,22,circuit, assistant,0.832,0.0001,0.832,1,3,4,4,7,8,9,14,15,18,19,21
The mechanic ordered the librarian out of the room because she wanted privacy. The pronoun she refers to the,60,30,1, mechanic, librarian,22,circuit, librarian,0.7578,0.0033,0.7578,1,3,4,6,10,11,12,14,15,18,19,21
The mechanic showed the sewer the way to the hall because she is very familiar with the city. The pronoun she refers to the,54,27,1, mechanic, sewer,27,circuit, sewer,0.3105,0.1553,0.3105,1,3,4,6,11,12,13,19,20,23,24,26
The farmer offered a ride to the designer but she had an accident on the way. The pronoun she refers to the,46,23,1, farmer, designer,25,circuit, designer,0.7031,0.0349,0.7031,1,3,4,6,9,9,11,18,18,21,22,24
The constructor offered apples to the cleaner because she had too many of them. The pronoun she refers to the,4,2,1, constructor, cleaner,23,circuit, cleaner,0.3652,0.2363,0.3652,1,3,4,5,8,9,10,15,16,19,20,22
The mechanic earns more than the secretary because she works hard. The pronoun she refers to the,52,26,1, mechanic, secretary,20,circuit, secretary,0.5898,0.1162,0.5898,1,3,4,5,8,9,10,12,13,16,17,19
The mechanic trusts the editor because she is a trustful person. The pronoun she refers to the,66,33,1, mechanic, editor,21,circuit, editor,0.6406,0.0076,0.6406,1,3,4,6,6,7,8,13,14,17,18,20
The cook laughed at the cashier because she heard the joke. The pronoun she refers to the,26,13,1, cook, cashier,20,circuit, cashier,0.6367,0.1416,0.6367,1,3,4,4,7,8,9,12,13,16,17,19
The sheriff asked the clerk the way to the toilet because she had no idea. The pronoun she refers to the,50,25,1, sheriff, clerk,24,circuit, clerk,0.6719,0.0708,0.6719,1,3,4,6,11,12,13,16,17,20,21,23
The sheriff offered apples to the assistant because she had too many of them. The pronoun she refers to the,4,2,1, sheriff, assistant,23,circuit, assistant,0.7422,0.0034,0.7422,1,3,4,5,8,9,10,15,16,19,20,22
The developer took the writer on a ride because she wanted to show off the city. The pronoun she refers to the,44,22,1, developer, writer,25,circuit, writer,0.4102,0.4102,0.4102,1,3,4,6,9,10,11,17,18,21,22,24
The mechanic was good friends with the teacher because she liked everyone. The pronoun she refers to the,36,18,1, mechanic, teacher,21,circuit, teacher,0.6992,0.1562,0.6992,1,3,4,6,9,10,11,13,14,17,18,20
The constructor ordered the designer out of the room because she wanted privacy. The pronoun she refers to the,60,30,1, constructor, designer,22,circuit, designer,0.2656,0.1104,0.2656,1,3,4,6,10,11,12,14,15,18,19,21
The manager showed the accountant the way to the hall because she is very familiar with the city. The pronoun she refers to the,54,27,1, manager, accountant,27,circuit, accountant,0.5,0.0986,0.5,1,3,4,6,11,12,13,19,20,23,24,26
The supervisor asked the baker if she could borrow some money. The pronoun she refers to the,22,11,1, supervisor, baker,20,circuit, baker,0.6562,0.003,0.6562,1,3,4,6,12,12,12,12,13,16,17,19
The mover bought the attendant a gift because she is thankful. The pronoun she refers to the,8,4,1, mover, attendant,20,circuit, attendant,0.6719,0.0806,0.6719,1,3,4,6,8,9,10,12,13,16,17,19
The driver gave a free ride to the accountant because she wanted to repay a favor. The pronoun she refers to the,70,35,1, driver, accountant,25,circuit, accountant,0.5391,0.2256,0.5391,1,3,4,7,10,11,12,17,18,21,22,24
The physician was rude to the accountant because she was in a bad mood. The pronoun she refers to the,34,17,1, physician, accountant,23,circuit, accountant,0.4473,0.3496,0.4473,1,3,5,5,8,9,10,15,16,19,20,22
The developer earns more than the designer because she works hard. The pronoun she refers to the,52,26,1, developer, designer,20,circuit, designer,0.4805,0.2578,0.4805,1,3,4,5,8,9,10,12,13,16,17,19
The driver offered a ride to the nurse but she had an accident on the way. The pronoun she refers to the,46,23,1, driver, nurse,25,circuit, nurse,0.7188,0.063,0.7188,1,3,4,6,9,9,11,17,18,21,22,24
The constructor asked the designer if she could borrow some money. The pronoun she refers to the,22,11,1, constructor, designer,20,circuit, designer,0.8203,0.004,0.8203,1,3,4,6,12,12,12,12,13,16,17,19
The physician bought the assistant a gift because she is thankful. The pronoun she refers to the,8,4,1, physician, assistant,20,circuit, assistant,0.7227,0.0859,0.7227,1,3,4,6,8,9,10,12,13,16,17,19
The sheriff gave a free ride to the designer because she wanted to repay a favor. The pronoun she refers to the,70,35,1, sheriff, designer,25,circuit, designer,0.6055,0.0723,0.6055,1,3,4,7,10,11,12,17,18,21,22,24
The mechanic bought the editor a gift because she is thankful. The pronoun she refers to the,8,4,1, mechanic, editor,20,circuit, editor,0.6016,0.1729,0.6016,1,3,4,6,8,9,10,12,13,16,17,19
The chief asked the teacher the way to the toilet because she had no idea. The pronoun she refers to the,50,25,1, chief, teacher,24,circuit, teacher,0.7422,0.0537,0.7422,1,3,4,6,11,12,13,16,17,20,21,23
The manager asked the nurse the way to the toilet because she had no idea. The pronoun she refers to the,50,25,1, manager, nurse,24,circuit, nurse,0.5977,0.2207,0.5977,1,3,4,6,11,12,13,16,17,20,21,23
The mover protected the writer because she was brave. The pronoun she refers to the,38,19,1, mover, writer,18,circuit, writer,0.4883,0.0659,0.4883,1,3,4,6,6,7,8,10,11,14,15,17
The driver admires the work of the attendant because she appreciates talent. The pronoun she refers to the,64,32,1, driver, attendant,23,circuit, attendant,0.7266,0.0103,0.7266,1,3,5,7,10,11,12,15,16,19,20,22
The sheriff asked the clerk if she could borrow some money. The pronoun she refers to the,22,11,1, sheriff, clerk,20,circuit, clerk,0.7266,0.0092,0.7266,1,3,4,6,12,12,12,12,13,16,17,19
The developer eats more than the attendant as she is hungry. The pronoun she refers to the,24,12,1, developer, attendant,20,circuit, attendant,0.8125,0.019,0.8125,1,3,4,5,8,9,10,12,13,16,17,19
The guard took the cleaner on a ride because she wanted to show off the city. The pronoun she refers to the,44,22,1, guard, cleaner,25,circuit, cleaner,0.5273,0.2812,0.5273,1,3,4,6,9,10,11,17,18,21,22,24
The manager asked the accountant to close the window because she was cold. The pronoun she refers to the,28,14,1, manager, accountant,22,circuit, accountant,0.375,0.2578,0.375,1,3,4,6,10,11,12,14,15,18,19,21
The physician gave the assistant a ride because she has a car. The pronoun she refers to the,48,24,1, physician, assistant,21,circuit, assistant,0.5898,0.1914,0.5898,1,3,4,6,8,9,10,13,14,17,18,20
The mechanic ordered the writer out of the room because she wanted privacy. The pronoun she refers to the,60,30,1, mechanic, writer,22,circuit, writer,0.543,0.1367,0.543,1,3,4,6,10,11,12,14,15,18,19,21
The sheriff tried to fool the nurse but she was caught. The pronoun she refers to the,16,8,1, sheriff, nurse,20,circuit, nurse,0.7266,0.0046,0.7266,1,3,4,8,8,8,10,12,13,16,17,19
The mechanic tried to fool the nurse but she was caught. The pronoun she refers to the,16,8,1, mechanic, nurse,20,circuit, nurse,0.7188,0.0245,0.7188,1,3,4,8,8,8,10,12,13,16,17,19
The sheriff laughed at the teacher because she heard the joke. The pronoun she refers to the,26,13,1, sheriff, teacher,20,circuit, teacher,0.6289,0.0015,0.6289,1,3,4,5,7,8,9,12,13,16,17,19
The physician shouted at the clerk because she felt offended. The pronoun she refers to the,12,6,1, physician, clerk,19,circuit, clerk,0.6367,0.0757,0.6367,1,3,4,7,7,8,9,11,12,15,16,18
The lawyer asked the counselor to be more careful because she saw a dangerous person. The pronoun she refers to the,42,21,1, lawyer, counselor,24,circuit, counselor,0.5391,0.1748,0.5391,1,3,4,6,10,11,12,16,17,20,21,23
The mechanic gave the designer a ride because she has a car. The pronoun she refers to the,48,24,1, mechanic, designer,21,circuit, designer,0.6992,0.1069,0.6992,1,3,4,6,8,9,10,13,14,17,18,20
The farmer offered apples to the assistant because she had too many of them. The pronoun she refers to the,4,2,1, farmer, assistant,23,circuit, assistant,0.7617,0.0245,0.7617,1,3,4,5,8,9,10,15,16,19,20,22
The driver asks the cleaner where to go because this is her first day here. The pronoun her refers to the,58,29,1, driver, cleaner,24,circuit, cleaner,0.7148,0.0168,0.7148,1,3,4,6,9,10,11,16,17,20,21,23
The guard bought the secretary a gift because she is thankful. The pronoun she refers to the,8,4,1, guard, secretary,20,circuit, secretary,0.8125,0.0334,0.8125,1,3,4,6,8,9,10,12,13,16,17,19
The manager tried to fool the editor but she was caught. The pronoun she refers to the,16,8,1, manager, editor,20,circuit, editor,0.4863,0.1582,0.4863,1,3,4,6,8,8,10,12,13,16,17,19
The constructor ordered the teacher out of the room because she wanted privacy. The pronoun she refers to the,60,30,1, constructor, teacher,22,circuit, teacher,0.6602,0.0226,0.6602,1,3,4,6,10,11,12,14,15,18,19,21
The sheriff asked the designer if she could borrow some money. The pronoun she refers to the,22,11,1, sheriff, designer,20,circuit, designer,0.6641,0.0452,0.6641,1,3,4,6,12,12,12,12,13,16,17,19
The guard eats more than the attendant as she is hungry. The pronoun she refers to the,24,12,1, guard, attendant,20,circuit, attendant,0.3926,0.3477,0.3926,1,3,4,5,8,9,10,12,13,16,17,19
The physician laughed at the baker because she heard the joke. The pronoun she refers to the,26,13,1, physician, baker,20,circuit, baker,0.2422,0.167,0.2422,1,3,4,5,7,8,9,12,13,16,17,19
The guard asked the cleaner to close the window because she was cold. The pronoun she refers to the,28,14,1, guard, cleaner,22,circuit, cleaner,0.8242,0.03,0.8242,1,3,4,6,10,11,12,14,15,18,19,21
The constructor protected the accountant because she was brave. The pronoun she refers to the,38,19,1, constructor, accountant,18,circuit, accountant,0.5273,0.0016,0.5273,1,3,4,6,6,7,8,10,11,14,15,17
The sheriff bought the secretary a gift because she is thankful. The pronoun she refers to the,8,4,1, sheriff, secretary,20,circuit, secretary,0.8008,0.0035,0.8008,1,3,4,6,8,9,10,12,13,16,17,19
The analyst bought the secretary a gift because she is thankful. The pronoun she refers to the,8,4,1, analyst, secretary,20,circuit, secretary,0.7539,0.0659,0.7539,1,3,4,6,8,9,10,12,13,16,17,19
The guard shouted at the librarian because she felt offended. The pronoun she refers to the,12,6,1, guard, librarian,19,circuit, librarian,0.7344,0.0366,0.7344,1,3,4,7,7,8,9,11,12,15,16,18
The lawyer respected the librarian because she knew how difficult that job was. The pronoun she refers to the,40,20,1, lawyer, librarian,22,circuit, librarian,0.8477,0.0089,0.8477,1,3,4,6,6,7,8,14,15,18,19,21
The manager was rude to the secretary because she was in a bad mood. The pronoun she refers to the,34,17,1, manager, secretary,23,circuit, secretary,0.4844,0.334,0.4844,1,3,5,5,8,9,10,15,16,19,20,22
The guard gave the editor a ride because she has a car. The pronoun she refers to the,48,24,1, guard, editor,21,circuit, editor,0.3496,0.1865,0.3496,1,3,4,6,8,9,10,13,14,17,18,20
The driver asked the librarian to close the window because she was cold. The pronoun she refers to the,28,14,1, driver, librarian,22,circuit, librarian,0.7422,0.0688,0.7422,1,3,4,6,10,11,12,14,15,18,19,21
The sheriff shouted at the sewer because she felt offended. The pronoun she refers to the,12,6,1, sheriff, sewer,19,circuit, sewer,0.4609,0.2471,0.4609,1,3,4,4,7,8,9,11,12,15,16,18
The driver was good friends with the counselor because she liked everyone. The pronoun she refers to the,36,18,1, driver, counselor,21,circuit, counselor,0.4941,0.2988,0.4941,1,3,4,6,9,10,11,13,14,17,18,20
The mechanic laughed at the counselor because she heard the joke. The pronoun she refers to the,26,13,1, mechanic, counselor,20,circuit, counselor,0.6055,0.0134,0.6055,1,3,4,5,7,8,9,12,13,16,17,19
The lawyer offered a ride to the writer but she had an accident on the way. The pronoun she refers to the,46,23,1, lawyer, writer,25,circuit, writer,0.668,0.1318,0.668,1,3,4,6,9,9,11,18,18,21,22,24
The physician asked the teacher to be more careful because she saw a dangerous person. The pronoun she refers to the,42,21,1, physician, teacher,24,circuit, teacher,0.625,0.0618,0.625,1,3,4,6,10,11,12,16,17,20,21,23
The developer trusted in the auditor because she liked tall people. The pronoun she refers to the,62,31,1, developer, auditor,20,circuit, auditor,0.6406,0.0869,0.6406,1,3,4,5,7,8,9,12,13,16,17,19
The mechanic asked the baker if she could borrow some money. The pronoun she refers to the,22,11,1, mechanic, baker,20,circuit, baker,0.7031,0.0033,0.7031,1,3,4,6,12,12,12,12,13,16,17,19
The physician offered a ride to the teacher but she had an accident on the way. The pronoun she refers to the,46,23,1, physician, teacher,25,circuit, teacher,0.7109,0.0101,0.7109,1,3,4,6,9,9,11,18,18,21,22,24
The driver asked the accountant the way to the toilet because she had no idea. The pronoun she refers to the,50,25,1, driver, accountant,24,circuit, accountant,0.5469,0.2275,0.5469,1,3,4,6,11,12,13,16,17,20,21,23
The mover bought the cashier a gift because she is thankful. The pronoun she refers to the,8,4,1, mover, cashier,20,circuit, cashier,0.8906,0.0391,0.8906,1,3,4,6,8,9,10,12,13,16,17,19
The supervisor asks the nurse where to go because this is her first day here. The pronoun her refers to the,58,29,1, supervisor, nurse,24,circuit, nurse,0.5977,0.0811,0.5977,1,3,4,6,9,10,11,16,17,20,21,23
The developer fell in love with the nurse because she was always attracted to nice hands. The pronoun she refers to the,30,15,1, developer, nurse,25,circuit, nurse,0.7461,0.0054,0.7461,1,3,7,9,9,10,11,17,18,21,22,24
The mechanic offered apples to the cleaner because she had too many of them. The pronoun she refers to the,4,2,1, mechanic, cleaner,23,circuit, cleaner,0.7227,0.1108,0.7227,1,3,4,5,8,9,10,15,16,19,20,22
The chief respected the baker because she knew how difficult that job was. The pronoun she refers to the,40,20,1, chief, baker,22,circuit, baker,0.6289,0.1162,0.6289,1,3,4,6,6,7,8,14,15,18,19,21
The supervisor bought the cashier a gift because she is thankful. The pronoun she refers to the,8,4,1, supervisor, cashier,20,circuit, cashier,0.9219,0.0011,0.9219,1,3,4,6,8,9,10,12,13,16,17,19
The driver was good friends with the librarian because she liked everyone. The pronoun she refers to the,36,18,1, driver, librarian,21,circuit, librarian,0.7227,0.1611,0.7227,1,3,4,6,9,10,11,13,14,17,18,20
The manager asked the cashier to close the window because she was cold. The pronoun she refers to the,28,14,1, manager, cashier,22,circuit, cashier,0.75,0.1299,0.75,1,3,4,6,10,11,12,14,15,18,19,21
The constructor gave a free ride to the editor because she wanted to repay a favor. The pronoun she refers to the,70,35,1, constructor, editor,25,circuit, editor,0.5859,0.0025,0.5859,1,3,4,7,10,11,12,17,18,21,22,24
The guard tried to fool the accountant but she was caught. The pronoun she refers to the,16,8,1, guard, accountant,20,circuit, accountant,0.6914,0.0325,0.6914,1,3,4,8,8,8,10,12,13,16,17,19
The mover trusts the designer because she is a trustful person. The pronoun she refers to the,66,33,1, mover, designer,21,circuit, designer,0.3477,0.3066,0.3477,1,3,4,6,6,7,8,13,14,17,18,20
The physician relies on the cashier because she is a trustful person. The pronoun she refers to the,68,34,1, physician, cashier,22,circuit, cashier,0.8438,0.0029,0.8438,1,3,4,5,7,8,9,14,15,18,19,21
The driver gave a free ride to the nurse because she wanted to repay a favor. The pronoun she refers to the,70,35,1, driver, nurse,25,circuit, nurse,0.6445,0.1846,0.6445,1,3,4,7,10,11,12,17,18,21,22,24
The chief corrected the cashier because she better understood the problem. The pronoun she refers to the,20,10,1, chief, cashier,20,circuit, cashier,0.6367,0.1108,0.6367,1,3,4,6,6,7,8,12,13,16,17,19
The farmer raced against the teacher because she thought it would be easy. The pronoun she refers to the,10,5,1, farmer, teacher,22,circuit, teacher,0.4727,0.416,0.4727,1,3,4,4,7,8,9,14,15,18,19,21
The mover corrected the assistant because she better understood the problem. The pronoun she refers to the,20,10,1, mover, assistant,20,circuit, assistant,0.6992,0.0288,0.6992,1,3,4,6,6,7,8,12,13,16,17,19
The lawyer was rude to the nurse because she was in a bad mood. The pronoun she refers to the,34,17,1, lawyer, nurse,23,circuit, nurse,0.7617,0.1167,0.7617,1,3,5,5,8,9,10,15,16,19,20,22
The farmer trusts the librarian because she is a trustful person. The pronoun she refers to the,66,33,1, farmer, librarian,21,circuit, librarian,0.7773,0.0087,0.7773,1,3,4,6,6,7,8,13,14,17,18,20
The sheriff tried to fool the sewer but she was caught. The pronoun she refers to the,16,8,1, sheriff, sewer,20,circuit, sewer,0.5508,0.1787,0.5508,1,3,4,6,8,8,10,13,13,16,17,19
The mover tried to fool the accountant but she was caught. The pronoun she refers to the,16,8,1, mover, accountant,20,circuit, accountant,0.5859,0.0898,0.5859,1,3,4,8,8,8,10,12,13,16,17,19
The chief admires the work of the clerk because she appreciates talent. The pronoun she refers to the,64,32,1, chief, clerk,23,circuit, clerk,0.7695,0.0193,0.7695,1,3,5,7,10,11,12,15,16,19,20,22
The constructor took the editor on a ride because she wanted to show off the city. The pronoun she refers to the,44,22,1, constructor, editor,25,circuit, editor,0.5859,0.0273,0.5859,1,3,4,6,9,10,11,17,18,21,22,24
The developer trusts the baker because she is a trustful person. The pronoun she refers to the,66,33,1, developer, baker,21,circuit, baker,0.7188,0.0001,0.7188,1,3,4,6,6,7,8,13,14,17,18,20
The guard was running from the secretary because she was very busy. The pronoun she refers to the,18,9,1, guard, secretary,21,circuit, secretary,0.8594,0.007,0.8594,1,3,5,5,8,9,10,13,14,17,18,20
The cook shouted at the nurse because she felt offended. The pronoun she refers to the,12,6,1, cook, nurse,19,circuit, nurse,0.7188,0.0713,0.7188,1,3,4,7,7,8,9,11,12,15,16,18
The guard trusted in the auditor because she liked tall people. The pronoun she refers to the,62,31,1, guard, auditor,20,circuit, auditor,0.7109,0.0454,0.7109,1,3,4,5,7,8,9,12,13,16,17,19
The guard asked the auditor the way to the toilet because she had no idea. The pronoun she refers to the,50,25,1, guard, auditor,24,circuit, auditor,0.5977,0.1709,0.5977,1,3,4,6,11,12,13,16,17,20,21,23
The sheriff fell in love with the teacher because she was always attracted to nice hands. The pronoun she refers to the,30,15,1, sheriff, teacher,25,circuit, teacher,0.7266,0.0032,0.7266,1,3,7,9,9,10,11,17,18,21,22,24
The physician trusted in the clerk because she liked tall people. The pronoun she refers to the,62,31,1, physician, clerk,20,circuit, clerk,0.5312,0.1523,0.5312,1,3,4,5,7,8,9,12,13,16,17,19
The constructor respected the teacher because she knew how difficult that job was. The pronoun she refers to the,40,20,1, constructor, teacher,22,circuit, teacher,0.6836,0.0036,0.6836,1,3,4,6,6,7,8,14,15,18,19,21
The guard was good friends with the secretary because she liked everyone. The pronoun she refers to the,36,18,1, guard, secretary,21,circuit, secretary,0.5703,0.3047,0.5703,1,3,4,6,9,10,11,13,14,17,18,20
The farmer outran the nurse because she was in shape. The pronoun she refers to the,2,1,1, farmer, nurse,20,circuit, nurse,0.7422,0.0786,0.7422,1,3,5,7,7,8,9,12,13,16,17,19
The mechanic respected the librarian because she knew how difficult that job was. The pronoun she refers to the,40,20,1, mechanic, librarian,22,circuit, librarian,0.832,0.0236,0.832,1,3,4,6,6,7,8,14,15,18,19,21
The supervisor corrected the cleaner because she better understood the problem. The pronoun she refers to the,20,10,1, supervisor, cleaner,20,circuit, cleaner,0.5977,0.0591,0.5977,1,3,4,6,6,7,8,12,13,16,17,19
The farmer eats more than the secretary as she is hungry. The pronoun she refers to the,24,12,1, farmer, secretary,20,circuit, secretary,0.8789,0.0086,0.8789,1,3,4,5,8,9,10,12,13,16,17,19
The farmer bought the secretary a gift because she is thankful. The pronoun she refers to the,8,4,1, farmer, secretary,20,circuit, secretary,0.7812,0.0209,0.7812,1,3,4,6,8,9,10,12,13,16,17,19
The supervisor trusts the designer because she is a trustful person. The pronoun she refers to the,66,33,1, supervisor, designer,21,circuit, designer,0.6367,0.1104,0.6367,1,3,4,6,6,7,8,13,14,17,18,20
The mover offered apples to the secretary because she had too many of them. The pronoun she refers to the,4,2,1, mover, secretary,23,circuit, secretary,0.6055,0.1973,0.6055,1,3,4,5,8,9,10,15,16,19,20,22
The constructor offered apples to the counselor because she had too many of them. The pronoun she refers to the,4,2,1, constructor, counselor,23,circuit, counselor,0.5781,0.0254,0.5781,1,3,4,5,8,9,10,15,16,19,20,22
The constructor trusted in the nurse because she liked tall people. The pronoun she refers to the,62,31,1, constructor, nurse,20,circuit, nurse,0.6992,0.0068,0.6992,1,3,4,5,7,8,9,12,13,16,17,19
The developer corrected the teacher because she better understood the problem. The pronoun she refers to the,20,10,1, developer, teacher,20,circuit, teacher,0.6211,0.0074,0.6211,1,3,4,6,6,7,8,12,13,16,17,19
The constructor gave the librarian a ride because she has a car. The pronoun she refers to the,48,24,1, constructor, librarian,21,circuit, librarian,0.6445,0.0142,0.6445,1,3,4,6,8,9,10,13,14,17,18,20
The chief offered a ride to the accountant but she had an accident on the way. The pronoun she refers to the,46,23,1, chief, accountant,25,circuit, accountant,0.4863,0.0374,0.4863,1,3,4,6,9,9,11,18,18,21,22,24
The developer trusted in the clerk because she liked tall people. The pronoun she refers to the,62,31,1, developer, clerk,20,circuit, clerk,0.7617,0.0123,0.7617,1,3,4,5,7,8,9,12,13,16,17,19
The mechanic relies on the nurse because she is a trustful person. The pronoun she refers to the,68,34,1, mechanic, nurse,22,circuit, nurse,0.8516,0.0039,0.8516,1,3,4,5,7,8,9,14,15,18,19,21
The manager offered apples to the attendant because she had too many of them. The pronoun she refers to the,4,2,1, manager, attendant,23,circuit, attendant,0.7031,0.1572,0.7031,1,3,4,5,8,9,10,15,16,19,20,22
The constructor ran faster than the auditor because she was in shape. The pronoun she refers to the,14,7,1, constructor, auditor,21,circuit, auditor,0.8867,0.0008,0.8867,1,3,4,5,8,9,10,13,14,17,18,20
The sheriff offered apples to the sewer because she had too many of them. The pronoun she refers to the,4,2,1, sheriff, sewer,23,circuit, sewer,0.459,0.1689,0.459,1,3,4,5,8,9,10,15,16,19,20,22
The sheriff asked the cashier to close the window because she was cold. The pronoun she refers to the,28,14,1, sheriff, cashier,22,circuit, cashier,0.8477,0.0137,0.8477,1,3,4,6,10,11,12,14,15,18,19,21
The developer relies on the secretary because she is a trustful person. The pronoun she refers to the,68,34,1, developer, secretary,22,circuit, secretary,0.7891,0.0039,0.7891,1,3,4,5,7,8,9,14,15,18,19,21
The mechanic gave the nurse a ride because she has a car. The pronoun she refers to the,48,24,1, mechanic, nurse,21,circuit, nurse,0.7188,0.052,0.7188,1,3,4,6,8,9,10,13,14,17,18,20
The guard respected the teacher because she knew how difficult that job was. The pronoun she refers to the,40,20,1, guard, teacher,22,circuit, teacher,0.5547,0.1235,0.5547,1,3,4,6,6,7,8,14,15,18,19,21
The driver bought the counselor a gift because she is thankful. The pronoun she refers to the,8,4,1, driver, counselor,20,circuit, counselor,0.5234,0.2188,0.5234,1,3,4,6,8,9,10,12,13,16,17,19
The guard asked the baker if she could borrow some money. The pronoun she refers to the,22,11,1, guard, baker,20,circuit, baker,0.4297,0.1582,0.4297,1,3,4,6,12,12,12,12,13,16,17,19
The chief trusts the accountant because she is a trustful person. The pronoun she refers to the,66,33,1, chief, accountant,21,circuit, accountant,0.7656,0.0023,0.7656,1,3,4,6,6,7,8,13,14,17,18,20
The developer corrected the librarian because she better understood the problem. The pronoun she refers to the,20,10,1, developer, librarian,20,circuit, librarian,0.625,0.0258,0.625,1,3,4,6,6,7,8,12,13,16,17,19
The analyst asks the accountant where to go because this is her first day here. The pronoun her refers to the,58,29,1, analyst, accountant,24,circuit, accountant,0.5,0.0986,0.5,1,3,4,6,9,10,11,16,17,20,21,23
The cook tried to fool the cleaner but she was caught. The pronoun she refers to the,16,8,1, cook, cleaner,20,circuit, cleaner,0.8906,0.0099,0.8906,1,3,4,8,8,8,10,12,13,16,17,19
The farmer trusted in the designer because she liked tall people. The pronoun she refers to the,62,31,1, farmer, designer,20,circuit, designer,0.4395,0.3867,0.4395,1,3,4,4,7,8,9,12,13,16,17,19
The guard trusts the clerk because she is a trustful person. The pronoun she refers to the,66,33,1, guard, clerk,21,circuit, clerk,0.6133,0.0008,0.6133,1,3,4,6,6,7,8,13,14,17,18,20
The sheriff trusts the cashier because she is a trustful person. The pronoun she refers to the,66,33,1, sheriff, cashier,21,circuit, cashier,0.8516,0.0001,0.8516,1,3,4,6,6,7,8,13,14,17,18,20
The driver protected the editor because she was brave. The pronoun she refers to the,38,19,1, driver, editor,18,circuit, editor,0.5156,0.0057,0.5156,1,3,4,6,6,7,8,10,11,14,15,17
The guard laughed at the designer because she heard the joke. The pronoun she refers to the,26,13,1, guard, designer,20,circuit, designer,0.7031,0.0508,0.7031,1,3,4,5,7,8,9,12,13,16,17,19
The physician asked the cleaner to be more careful because she saw a dangerous person. The pronoun she refers to the,42,21,1, physician, cleaner,24,circuit, cleaner,0.7695,0.0491,0.7695,1,3,4,6,10,11,12,16,17,20,21,23
The analyst asks the attendant where to go because this is her first day here. The pronoun her refers to the,58,29,1, analyst, attendant,24,circuit, attendant,0.3203,0.2812,0.3203,1,3,4,6,9,10,11,16,17,20,21,23
The mover offered apples to the nurse because she had too many of them. The pronoun she refers to the,4,2,1, mover, nurse,23,circuit, nurse,0.6172,0.1562,0.6172,1,3,4,5,8,9,10,15,16,19,20,22
The guard relies on the designer because she is a trustful person. The pronoun she refers to the,68,34,1, guard, designer,22,circuit, designer,0.457,0.1226,0.457,1,3,4,5,7,8,9,14,15,18,19,21
The driver bought the baker a gift because she is thankful. The pronoun she refers to the,8,4,1, driver, baker,20,circuit, baker,0.6992,0.1216,0.6992,1,3,4,6,8,9,10,12,13,16,17,19
The driver asked the cashier to be more careful because she saw a dangerous person. The pronoun she refers to the,42,21,1, driver, cashier,24,circuit, cashier,0.8164,0.0337,0.8164,1,3,4,6,10,11,12,16,17,20,21,23
The developer asks the cleaner where to go because this is her first day here. The pronoun her refers to the,58,29,1, developer, cleaner,24,circuit, cleaner,0.7422,0.0011,0.7422,1,3,4,6,9,10,11,16,17,20,21,23
The lawyer showed the nurse the way to the hall because she is very familiar with the city. The pronoun she refers to the,54,27,1, lawyer, nurse,27,circuit, nurse,0.7344,0.0684,0.7344,1,3,4,6,11,12,13,19,20,23,24,26
The developer fell in love with the librarian because she was always attracted to nice hands. The pronoun she refers to the,30,15,1, developer, librarian,25,circuit, librarian,0.5859,0.0454,0.5859,1,3,7,9,9,10,11,17,18,21,22,24
The mover gave the attendant a ride because she has a car. The pronoun she refers to the,48,24,1, mover, attendant,21,circuit, attendant,0.4375,0.3867,0.4375,1,3,4,6,8,9,10,13,14,17,18,20
The lawyer trusts the attendant because she is a trustful person. The pronoun she refers to the,66,33,1, lawyer, attendant,21,circuit, attendant,0.7656,0.015,0.7656,1,3,4,6,6,7,8,13,14,17,18,20
The physician fell in love with the auditor because she was always attracted to nice hands. The pronoun she refers to the,30,15,1, physician, auditor,25,circuit, auditor,0.6055,0.1055,0.6055,1,3,7,9,9,10,11,17,18,21,22,24
The driver offered a ride to the editor but she had an accident on the way. The pronoun she refers to the,46,23,1, driver, editor,25,circuit, editor,0.4648,0.1709,0.4648,1,3,4,6,9,9,11,17,18,21,22,24
The developer offered a ride to the counselor but she had an accident on the way. The pronoun she refers to the,46,23,1, developer, counselor,25,circuit, counselor,0.6289,0.0139,0.6289,1,3,4,6,9,9,11,18,18,21,22,24
The constructor was rude to the assistant because she was in a bad mood. The pronoun she refers to the,34,17,1, constructor, assistant,23,circuit, assistant,0.7344,0.0184,0.7344,1,3,5,5,8,9,10,15,16,19,20,22
The analyst asks the sewer where to go because this is her first day here. The pronoun her refers to the,58,29,1, analyst, sewer,24,circuit, sewer,0.5469,0.2275,0.5469,1,3,4,6,9,10,11,16,17,20,21,23
The constructor eats more than the baker as she is hungry. The pronoun she refers to the,24,12,1, constructor, baker,20,circuit, baker,0.2754,0.2139,0.2754,1,3,4,5,8,9,10,12,13,16,17,19
The constructor was good friends with the clerk because she liked everyone. The pronoun she refers to the,36,18,1, constructor, clerk,21,circuit, clerk,0.7383,0.0444,0.7383,1,3,4,6,9,10,11,13,14,17,18,20
