prompt,prompt_id,length,wrong_token,correct_token,S1_token,S2_token,IO_token,label,split,top_answer,top_answer_prob,correct_prob,wrong_prob,Initial_Context,First_Subject,Conjunction,Second_Subject,Primary_Action,Action_Target,Clause_Separator,Active_Subject,Secondary_Action,Secondary_Object,Final_Preposition
Friends James and Laura found a drink at the office. James gave it to,942,16, James, Laura, James, James, Laura, Laura,circuit, Laura,0.6641,0.6641,0.0057,1,2,3,4,5,6,11,12,13,14,15
"While Jason and Crystal were commuting to the hospital, Jason gave a kiss to",609,16, Jason, Crystal, Jason, Jason, Crystal, Crystal,circuit, Crystal,0.8242,0.8242,0.0012,1,2,3,4,5,7,10,11,12,13,15
"After the lunch, Melissa and Timothy went to the office. Melissa gave a basketball to",683,18, Melissa, Timothy, Melissa, Melissa, Timothy, Timothy,circuit, Timothy,0.4219,0.4219,0.0447,1,5,6,7,8,9,12,13,14,15,17
"Then, Amanda and Adam had a long argument, and afterwards Amanda said to",280,16, Amanda, Adam, Amanda, Amanda, Adam, Adam,circuit, Adam,0.4844,0.4844,0.1787,1,3,4,5,6,10,10,13,14,15,15
"Then, Jennifer and David had a long argument. Afterwards Jennifer said to",770,15, Jennifer, David, Jennifer, Jennifer, David, David,circuit, David,0.6836,0.6836,0.0923,1,3,4,5,6,10,10,11,13,14,14
"Afterwards, Amanda and James went to the restaurant. Amanda gave a drink to",726,17, Amanda, James, Amanda, Amanda, James, James,circuit, James,0.5742,0.5742,0.0471,1,4,5,6,7,9,12,12,13,14,16
"After the lunch, Sara and Kenneth went to the store. Sara gave a necklace to",645,18, Sara, Kenneth, Sara, Sara, Kenneth, Kenneth,circuit, Kenneth,0.7617,0.7617,0.0019,1,5,6,7,8,10,12,13,14,15,17
"Then, Thomas and Michelle had a long argument. Afterwards Thomas said to",776,15, Thomas, Michelle, Thomas, Thomas, Michelle, Michelle,circuit, Michelle,0.8672,0.8672,0.0159,1,3,4,5,6,10,10,11,13,14,14
"While Anthony and Christina were commuting to the hospital, Anthony gave a computer to",612,16, Anthony, Christina, Anthony, Anthony, Christina, Christina,circuit, Christina,0.6602,0.6602,0.0044,1,2,3,4,5,7,10,11,12,13,15
"While Jessica and David were working at the house, Jessica gave a ring to",560,16, Jessica, David, Jessica, Jessica, David, David,circuit, David,0.167,0.167,0.0371,1,2,3,4,5,8,10,11,12,13,15
"When Brandon and Jeffrey got a ring at the restaurant, Brandon decided to give the ring to",464,19, Brandon, Jeffrey, Brandon, Brandon, Jeffrey, Jeffrey,circuit, Jeffrey,0.707,0.707,0.0006,1,2,3,4,5,6,11,12,13,16,18
"After Christina and Amber went to the restaurant, Christina gave a snack to",343,15, Christina, Amber, Christina, Christina, Amber, Amber,circuit, Amber,0.2578,0.2578,0.0576,1,2,3,4,5,7,9,10,11,12,14
"Afterwards, Matthew and Danielle went to the hospital. Matthew gave a ring to",736,17, Matthew, Danielle, Matthew, Matthew, Danielle, Danielle,circuit, Danielle,0.5547,0.5547,0.013,1,4,5,6,7,9,12,12,13,14,16
"While Joseph and Jonathan were commuting to the hospital, Joseph gave a kiss to",609,16, Joseph, Jonathan, Joseph, Joseph, Jonathan, Jonathan,circuit, Jonathan,0.5586,0.5586,0.0168,1,2,3,4,5,7,10,11,12,13,15
"After Brian and Paul went to the house, Brian gave a computer to",372,15, Brian, Paul, Brian, Brian, Paul, Paul,circuit, Paul,0.252,0.252,0.0923,1,2,3,4,5,7,9,10,11,12,14
Friends Brittany and Crystal found a necklace at the station. Brittany gave it to,957,16, Brittany, Crystal, Brittany, Brittany, Crystal, Crystal,circuit, Crystal,0.3105,0.3105,0.0034,1,2,3,4,5,6,11,12,13,14,15
"After David and Jonathan went to the restaurant, David gave a basketball to",339,15, David, Jonathan, David, David, Jonathan, Jonathan,circuit, Jonathan,0.6094,0.6094,0.0303,1,2,3,4,5,6,9,10,11,12,14
The station Joseph and William went to had a drink. Joseph gave it to,894,16, Joseph, William, Joseph, Joseph, William, William,circuit, William,0.7773,0.7773,0.0067,1,3,4,5,6,8,9,12,13,14,15
"Afterwards, Brian and Michelle went to the store. Brian gave a necklace to",709,17, Brian, Michelle, Brian, Brian, Michelle, Michelle,circuit, Michelle,0.4609,0.4609,0.0229,1,4,5,6,7,9,12,12,13,14,16
"After Jason and Elizabeth went to the school, Jason gave a snack to",351,15, Jason, Elizabeth, Jason, Jason, Elizabeth, Elizabeth,circuit, Elizabeth,0.3574,0.3574,0.004,1,2,3,4,5,6,9,10,11,12,14
Friends John and Jason found a basketball at the restaurant. John gave it to,915,16, John, Jason, John, John, Jason, Jason,circuit, Jason,0.8008,0.8008,0.0042,1,2,3,4,5,6,11,12,13,14,15
"After the lunch, Richard and Amy went to the school. Richard gave a computer to",668,18, Richard, Amy, Richard, Richard, Amy, Amy,circuit, Amy,0.7461,0.7461,0.0064,1,5,6,7,8,10,12,13,14,15,17
The office Jeffrey and Sara went to had a basketball. Jeffrey gave it to,875,16, Jeffrey, Sara, Jeffrey, Jeffrey, Sara, Sara,circuit, Sara,0.5586,0.5586,0.0007,1,3,4,5,6,8,8,12,13,14,15
"Then, James and Brandon had a long argument, and afterwards James said to",271,16, James, Brandon, James, James, Brandon, Brandon,circuit, Brandon,0.5352,0.5352,0.0439,1,3,4,5,6,10,10,13,14,15,15
"Then, Michael and James were thinking about going to the hospital. Michael wanted to give a bone to",226,21, Michael, James, Michael, Michael, James, James,circuit, James,0.2734,0.2734,0.0136,1,3,4,5,6,10,14,14,15,18,20
"Afterwards, William and Nicole went to the house. William gave a kiss to",753,17, William, Nicole, William, William, Nicole, Nicole,circuit, Nicole,0.4297,0.4297,0.0167,1,4,5,6,7,9,12,12,13,14,16
Friends Brian and Emily found a bone at the garden. Brian gave it to,906,16, Brian, Emily, Brian, Brian, Emily, Emily,circuit, Emily,0.7305,0.7305,0.0005,1,2,3,4,5,6,11,12,13,14,15
"Then, Crystal and Sean were thinking about going to the school. Crystal wanted to give a kiss to",217,21, Crystal, Sean, Crystal, Crystal, Sean, Sean,circuit, Sean,0.75,0.75,0.005,1,3,4,5,6,10,13,14,15,18,20
"While Rachel and Danielle were commuting to the store, Rachel gave a bone to",578,16, Rachel, Danielle, Rachel, Rachel, Danielle, Danielle,circuit, Danielle,0.2695,0.2695,0.0601,1,2,3,4,5,7,10,11,12,13,15
"After Nicole and Crystal went to the restaurant, Nicole gave a necklace to",341,15, Nicole, Crystal, Nicole, Nicole, Crystal, Crystal,circuit, Crystal,0.5,0.5,0.0413,1,2,3,4,5,7,9,10,11,12,14
The hospital Matthew and William went to had a necklace. Matthew gave it to,869,16, Matthew, William, Matthew, Matthew, William, William,circuit, William,0.3809,0.3809,0.007,1,3,4,5,6,8,11,12,13,14,15
"After Sarah and Anthony went to the store, Sarah gave a basketball to",323,15, Sarah, Anthony, Sarah, Sarah, Anthony, Anthony,circuit, Anthony,0.3184,0.3184,0.0159,1,2,3,4,5,7,9,10,11,12,14
"Then, James and William were thinking about going to the station. James wanted to give a computer to",252,21, James, William, James, James, William, William,circuit, William,0.2422,0.2422,0.054,1,3,4,5,6,10,13,14,15,18,20
"Then, Ryan and Justin had a long argument. Afterwards Ryan said to",777,15, Ryan, Justin, Ryan, Ryan, Justin, Justin,circuit, Justin,0.6953,0.6953,0.0942,1,3,4,5,6,10,10,11,13,14,14
"While Jessica and Adam were commuting to the house, Jessica gave a computer to",628,16, Jessica, Adam, Jessica, Jessica, Adam, Adam,circuit, Adam,0.4121,0.4121,0.0559,1,2,3,4,5,7,10,11,12,13,15
"Then, Eric and Christina went to the hospital. Eric gave a bone to",34,16, Eric, Christina, Eric, Eric, Christina, Christina,circuit, Christina,0.3555,0.3555,0.0292,1,3,4,5,6,8,10,11,12,13,15
"After the lunch, Thomas and Danielle went to the station. Thomas gave a basketball to",699,18, Thomas, Danielle, Thomas, Thomas, Danielle, Danielle,circuit, Danielle,0.7656,0.7656,0.0066,1,5,6,7,8,9,13,13,14,15,17
"Then, Joseph and Rachel were thinking about going to the garden. Joseph wanted to give a necklace to",205,21, Joseph, Rachel, Joseph, Joseph, Rachel, Rachel,circuit, Rachel,0.6016,0.6016,0.0067,1,3,4,5,6,10,14,14,15,18,20
The house Joseph and Brian went to had a ring. Joseph gave it to,880,16, Joseph, Brian, Joseph, Joseph, Brian, Brian,circuit, Brian,0.3848,0.3848,0.0116,1,3,4,5,6,7,8,12,13,14,15
"Then, Timothy and Crystal were working at the hospital. Timothy decided to give a basketball to",163,19, Timothy, Crystal, Timothy, Timothy, Crystal, Crystal,circuit, Crystal,0.7344,0.7344,0.0023,1,3,4,5,6,8,11,12,13,16,18
"After Anthony and Christina went to the school, Anthony gave a basketball to",347,15, Anthony, Christina, Anthony, Anthony, Christina, Christina,circuit, Christina,0.8359,0.8359,0.0034,1,2,3,4,5,6,9,10,11,12,14
"Then, David and Jeremy went to the school. David gave a necklace to",29,16, David, Jeremy, David, David, Jeremy, Jeremy,circuit, Jeremy,0.5625,0.5625,0.0171,1,3,4,5,6,8,10,11,12,13,15
"While Christopher and Robert were commuting to the office, Christopher gave a snack to",623,16, Christopher, Robert, Christopher, Christopher, Robert, Robert,circuit, Robert,0.6914,0.6914,0.0028,1,2,3,4,5,7,10,11,12,13,15
"Then, Daniel and Justin went to the house. Daniel gave a basketball to",51,16, Daniel, Justin, Daniel, Daniel, Justin, Justin,circuit, Justin,0.4492,0.4492,0.2715,1,3,4,5,6,8,10,11,12,13,15
"Then, Andrew and Justin went to the station. Andrew gave a basketball to",59,16, Andrew, Justin, Andrew, Andrew, Justin, Justin,circuit, Justin,0.7109,0.7109,0.013,1,3,4,5,6,8,10,11,12,13,15
"While Justin and Jonathan were commuting to the restaurant, Justin gave a kiss to",593,16, Justin, Jonathan, Justin, Justin, Jonathan, Jonathan,circuit, Jonathan,0.4824,0.4824,0.0069,1,2,3,4,5,7,10,11,12,13,15
Friends Brandon and Jonathan found a necklace at the station. Brandon gave it to,957,16, Brandon, Jonathan, Brandon, Brandon, Jonathan, Jonathan,circuit, Jonathan,0.5938,0.5938,0.004,1,2,3,4,5,6,11,12,13,14,15
"When James and Steven got a necklace at the school, James decided to give the necklace to",477,19, James, Steven, James, James, Steven, Steven,circuit, Steven,0.3613,0.3613,0.004,1,2,3,4,5,6,11,12,13,16,18
"Then, Amanda and Ryan had a long argument, and afterwards Amanda said to",295,16, Amanda, Ryan, Amanda, Amanda, Ryan, Ryan,circuit, Ryan,0.332,0.332,0.332,1,3,4,5,6,10,10,13,14,15,15
"After the lunch, Ryan and Sarah went to the store. Ryan gave a bone to",642,18, Ryan, Sarah, Ryan, Ryan, Sarah, Sarah,circuit, Sarah,0.3008,0.3008,0.0248,1,5,6,7,8,9,12,13,14,15,17
"Afterwards, Jessica and Daniel went to the hospital. Jessica gave a bone to",738,17, Jessica, Daniel, Jessica, Jessica, Daniel, Daniel,circuit, Daniel,0.2578,0.2578,0.0271,1,4,5,6,7,9,12,12,13,14,16
"When Benjamin and Kenneth got a basketball at the store, Benjamin decided to give the basketball to",451,19, Benjamin, Kenneth, Benjamin, Benjamin, Kenneth, Kenneth,circuit, Kenneth,0.7148,0.7148,0.0002,1,2,3,4,5,6,11,12,13,16,18
The station Jessica and Jennifer went to had a kiss. Jessica gave it to,889,16, Jessica, Jennifer, Jessica, Jessica, Jennifer, Jennifer,circuit, Jennifer,0.5664,0.5664,0.0081,1,3,4,5,6,8,11,12,13,14,15
"Then, Thomas and Michelle went to the hospital. Thomas gave a kiss to",33,16, Thomas, Michelle, Thomas, Thomas, Michelle, Michelle,circuit, Michelle,0.4961,0.4961,0.0248,1,3,4,5,6,8,10,11,12,13,15
The house Christopher and Kevin went to had a snack. Christopher gave it to,887,16, Christopher, Kevin, Christopher, Christopher, Kevin, Kevin,circuit, Kevin,0.793,0.793,0.0033,1,3,4,5,6,7,8,12,13,14,15
"Then, Michael and Jason had a long argument. Afterwards Michael said to",769,15, Michael, Jason, Michael, Michael, Jason, Jason,circuit, Jason,0.7852,0.7852,0.0645,1,3,4,5,6,10,10,11,13,14,14
"Then, Joshua and Jeremy were thinking about going to the store. Joshua wanted to give a necklace to",197,21, Joshua, Jeremy, Joshua, Joshua, Jeremy, Jeremy,circuit, Jeremy,0.377,0.377,0.0114,1,3,4,5,6,10,14,14,15,18,20
"Then, John and Jason were working at the restaurant. John decided to give a necklace to",149,19, John, Jason, John, John, Jason, Jason,circuit, Jason,0.6289,0.6289,0.019,1,3,4,5,6,8,11,12,13,16,18
"Then, Michael and Ashley went to the station. Michael gave a kiss to",57,16, Michael, Ashley, Michael, Michael, Ashley, Ashley,circuit, Ashley,0.4766,0.4766,0.0144,1,3,4,5,6,8,10,11,12,13,15
"After Nicholas and Lisa went to the office, Nicholas gave a computer to",364,15, Nicholas, Lisa, Nicholas, Nicholas, Lisa, Lisa,circuit, Lisa,0.7109,0.7109,0.0048,1,2,3,4,5,7,9,10,11,12,14
"Then, Jonathan and Rachel had a long argument. Afterwards Jonathan said to",786,15, Jonathan, Rachel, Jonathan, Jonathan, Rachel, Rachel,circuit, Rachel,0.875,0.875,0.0161,1,3,4,5,6,10,10,11,13,14,14
"Then, Amanda and Daniel had a lot of fun at the garden. Amanda gave a kiss to",73,20, Amanda, Daniel, Amanda, Amanda, Daniel, Daniel,circuit, Daniel,0.7344,0.7344,0.0603,1,3,4,5,6,11,14,15,16,17,19
"Then, Daniel and David were working at the station. Daniel decided to give a computer to",188,19, Daniel, David, Daniel, Daniel, David, David,circuit, David,0.168,0.168,0.168,1,3,4,5,6,8,11,12,13,16,18
"Then, Amy and Emily had a long argument. Afterwards Amy said to",780,15, Amy, Emily, Amy, Amy, Emily, Emily,circuit, Emily,0.4766,0.4766,0.2891,1,3,4,5,6,10,10,11,13,14,14
Friends Robert and Thomas found a computer at the store. Robert gave it to,900,16, Robert, Thomas, Robert, Robert, Thomas, Thomas,circuit, Thomas,0.5,0.5,0.0056,1,2,3,4,5,6,11,12,13,14,15
"After Michael and Eric went to the office, Michael gave a bone to",362,15, Michael, Eric, Michael, Michael, Eric, Eric,circuit, Eric,0.4473,0.4473,0.0471,1,2,3,4,5,6,9,10,11,12,14
"Then, Jessica and Matthew were working at the garden. Jessica decided to give a basketball to",139,19, Jessica, Matthew, Jessica, Jessica, Matthew, Matthew,circuit, Matthew,0.459,0.459,0.0139,1,3,4,5,6,9,12,12,13,16,18
The store Michael and Ashley went to had a drink. Michael gave it to,838,16, Michael, Ashley, Michael, Michael, Ashley, Ashley,circuit, Ashley,0.5703,0.5703,0.0023,1,3,4,5,6,7,8,12,13,14,15
"Afterwards, Brandon and Kyle went to the hospital. Brandon gave a drink to",742,17, Brandon, Kyle, Brandon, Brandon, Kyle, Kyle,circuit, Kyle,0.4902,0.4902,0.0664,1,4,5,6,7,9,12,12,13,14,16
"When Brandon and Jason got a bone at the house, Brandon decided to give it to",434,18, Brandon, Jason, Brandon, Brandon, Jason, Jason,circuit, Jason,0.5234,0.5234,0.0159,1,2,3,4,5,6,11,12,13,16,17
"While Brandon and William were working at the station, Brandon gave a basketball to",571,16, Brandon, William, Brandon, Brandon, William, William,circuit, William,0.3359,0.3359,0.0752,1,2,3,4,5,7,10,11,12,13,15
"After Joshua and Laura went to the hospital, Joshua gave a necklace to",357,15, Joshua, Laura, Joshua, Joshua, Laura, Laura,circuit, Laura,0.5273,0.5273,0.0022,1,2,3,4,5,7,9,10,11,12,14
"When Robert and Nicole got a kiss at the store, Robert decided to give the kiss to",449,19, Robert, Nicole, Robert, Robert, Nicole, Nicole,circuit, Nicole,0.7188,0.7188,0.0002,1,2,3,4,5,6,11,12,13,16,18
"Then, James and Megan had a long argument, and afterwards James said to",290,16, James, Megan, James, James, Megan, Megan,circuit, Megan,0.793,0.793,0.0145,1,3,4,5,6,10,10,13,14,15,15
"Afterwards, Joshua and Laura went to the restaurant. Joshua gave a ring to",720,17, Joshua, Laura, Joshua, Joshua, Laura, Laura,circuit, Laura,0.4824,0.4824,0.0089,1,4,5,6,7,9,12,12,13,14,16
Friends Ashley and William found a drink at the office. Ashley gave it to,942,16, Ashley, William, Ashley, Ashley, William, William,circuit, William,0.6992,0.6992,0.0014,1,2,3,4,5,6,11,12,13,14,15
"Then, Elizabeth and Aaron had a long argument, and afterwards Elizabeth said to",295,16, Elizabeth, Aaron, Elizabeth, Elizabeth, Aaron, Aaron,circuit, Aaron,0.6016,0.6016,0.0493,1,3,4,5,6,10,10,13,14,15,15
The hospital Amanda and Andrew went to had a kiss. Amanda gave it to,865,16, Amanda, Andrew, Amanda, Amanda, Andrew, Andrew,circuit, Andrew,0.4219,0.4219,0.0099,1,3,4,5,6,7,8,12,13,14,15
"Then, James and Anthony had a long argument. Afterwards James said to",781,15, James, Anthony, James, James, Anthony, Anthony,circuit, Anthony,0.377,0.377,0.2295,1,3,4,5,6,10,10,11,13,14,14
"Then, Joseph and William were working at the store. Joseph decided to give a ring to",128,19, Joseph, William, Joseph, Joseph, William, William,circuit, William,0.5391,0.5391,0.0162,1,3,4,5,6,8,11,12,13,16,18
"When Stephanie and Brian got a drink at the store, Stephanie decided to give the drink to",454,19, Stephanie, Brian, Stephanie, Stephanie, Brian, Brian,circuit, Brian,0.5391,0.5391,0.0036,1,2,3,4,5,6,11,12,13,16,18
"Then, David and James had a long argument. Afterwards David said to",827,15, David, James, David, David, James, James,circuit, James,0.6953,0.6953,0.0942,1,3,4,5,6,10,10,11,13,14,14
"While Jessica and Robert were commuting to the station, Jessica gave a ring to",632,16, Jessica, Robert, Jessica, Jessica, Robert, Robert,circuit, Robert,0.5,0.5,0.0092,1,2,3,4,5,7,10,11,12,13,15
"Then, Brandon and Jonathan had a lot of fun at the restaurant. Brandon gave a snack to",87,20, Brandon, Jonathan, Brandon, Brandon, Jonathan, Jonathan,circuit, Jonathan,0.8008,0.8008,0.002,1,3,4,5,6,11,14,15,16,17,19
"After Jason and Thomas went to the hospital, Jason gave a computer to",356,15, Jason, Thomas, Jason, Jason, Thomas, Thomas,circuit, Thomas,0.3496,0.3496,0.0106,1,2,3,4,5,7,9,10,11,12,14
"Then, Thomas and Kyle had a long argument. Afterwards Thomas said to",810,15, Thomas, Kyle, Thomas, Thomas, Kyle, Kyle,circuit, Kyle,0.7148,0.7148,0.0356,1,3,4,5,6,10,10,11,13,14,14
"While Ashley and James were working at the station, Ashley gave a bone to",570,16, Ashley, James, Ashley, Ashley, James, James,circuit, James,0.4199,0.4199,0.0077,1,2,3,4,5,7,10,11,12,13,15
"Then, Elizabeth and Stephen went to the garden. Elizabeth gave a computer to",12,16, Elizabeth, Stephen, Elizabeth, Elizabeth, Stephen, Stephen,circuit, Stephen,0.668,0.668,0.0549,1,3,4,5,6,8,10,11,12,13,15
"When Jessica and Jonathan got a drink at the house, Jessica decided to give it to",438,18, Jessica, Jonathan, Jessica, Jessica, Jonathan, Jonathan,circuit, Jonathan,0.5273,0.5273,0.0013,1,2,3,4,5,6,11,12,13,16,17
"Then, Andrew and Brandon had a lot of fun at the office. Andrew gave a snack to",111,20, Andrew, Brandon, Andrew, Andrew, Brandon, Brandon,circuit, Brandon,0.7656,0.7656,0.0031,1,3,4,5,6,11,14,15,16,17,19
"Then, Jessica and Jason had a long argument, and afterwards Jessica said to",294,16, Jessica, Jason, Jessica, Jessica, Jason, Jason,circuit, Jason,0.6328,0.6328,0.1416,1,3,4,5,6,10,10,13,14,15,15
The garden Ryan and Rachel went to had a bone. Ryan gave it to,842,16, Ryan, Rachel, Ryan, Ryan, Rachel, Rachel,circuit, Rachel,0.4902,0.4902,0.0033,1,3,4,5,6,7,8,12,13,14,15
"Then, Michael and Jessica were thinking about going to the hospital. Michael wanted to give a kiss to",225,21, Michael, Jessica, Michael, Michael, Jessica, Jessica,circuit, Jessica,0.8008,0.8008,0.0007,1,3,4,5,6,10,13,14,15,18,20
"Then, Ryan and Heather went to the house. Ryan gave a kiss to",49,16, Ryan, Heather, Ryan, Ryan, Heather, Heather,circuit, Heather,0.8164,0.8164,0.0091,1,3,4,5,6,8,10,11,12,13,15
"While Thomas and Brittany were commuting to the house, Thomas gave a computer to",628,16, Thomas, Brittany, Thomas, Thomas, Brittany, Brittany,circuit, Brittany,0.459,0.459,0.0228,1,2,3,4,5,7,10,11,12,13,15
"When Steven and Kyle got a basketball at the garden, Steven decided to give the basketball to",459,19, Steven, Kyle, Steven, Steven, Kyle, Kyle,circuit, Kyle,0.6602,0.6602,0.0016,1,2,3,4,5,6,11,12,13,16,18
"Then, Christopher and William had a lot of fun at the garden. Christopher gave a bone to",74,20, Christopher, William, Christopher, Christopher, William, William,circuit, William,0.4316,0.4316,0.0583,1,3,4,5,6,11,14,15,16,17,19
The house Jessica and Joseph went to had a drink. Jessica gave it to,886,16, Jessica, Joseph, Jessica, Jessica, Joseph, Joseph,circuit, Joseph,0.5586,0.5586,0.0048,1,3,4,5,6,7,8,12,13,14,15
"When William and Jonathan got a basketball at the school, William decided to give the basketball to",475,19, William, Jonathan, William, William, Jonathan, Jonathan,circuit, Jonathan,0.4668,0.4668,0.0019,1,2,3,4,5,6,11,12,13,16,18
"Then, Ryan and Brandon were working at the hospital. Ryan decided to give a snack to",167,19, Ryan, Brandon, Ryan, Ryan, Brandon, Brandon,circuit, Brandon,0.2676,0.2676,0.0361,1,3,4,5,6,8,11,12,13,16,18
"When Justin and Eric got a bone at the restaurant, Justin decided to give it to",402,18, Justin, Eric, Justin, Justin, Eric, Eric,circuit, Eric,0.3027,0.3027,0.0012,1,2,3,4,5,6,11,12,13,16,17
"Then, Jason and Adam went to the school. Jason gave a basketball to",27,16, Jason, Adam, Jason, Jason, Adam, Adam,circuit, Adam,0.4785,0.4785,0.0238,1,3,4,5,6,8,10,11,12,13,15
"When Michael and Jessica got a computer at the station, Michael decided to give it to",444,18, Michael, Jessica, Michael, Michael, Jessica, Jessica,circuit, Jessica,0.5898,0.5898,0.0015,1,2,3,4,5,6,11,12,13,16,17
"Then, Stephanie and Nicholas went to the office. Stephanie gave a basketball to",43,16, Stephanie, Nicholas, Stephanie, Stephanie, Nicholas, Nicholas,circuit, Nicholas,0.3418,0.3418,0.0464,1,3,4,5,6,8,10,11,12,13,15
"Then, Daniel and Robert went to the hospital. Daniel gave a snack to",39,16, Daniel, Robert, Daniel, Daniel, Robert, Robert,circuit, Robert,0.4902,0.4902,0.0403,1,3,4,5,6,8,10,11,12,13,15
Friends Joshua and Amanda found a ring at the garden. Joshua gave it to,904,16, Joshua, Amanda, Joshua, Joshua, Amanda, Amanda,circuit, Amanda,0.8359,0.8359,0.0008,1,2,3,4,5,6,11,12,13,14,15
"Then, Christopher and Ryan had a long argument, and afterwards Christopher said to",259,16, Christopher, Ryan, Christopher, Christopher, Ryan, Ryan,circuit, Ryan,0.5352,0.5352,0.0267,1,3,4,5,6,10,10,13,14,15,15
"Afterwards, Megan and Rachel went to the garden. Megan gave a kiss to",713,17, Megan, Rachel, Megan, Megan, Rachel, Rachel,circuit, Rachel,0.6133,0.6133,0.0393,1,4,5,6,7,8,12,12,13,14,16
"After the lunch, Kimberly and Tiffany went to the restaurant. Kimberly gave a kiss to",657,18, Kimberly, Tiffany, Kimberly, Kimberly, Tiffany, Tiffany,circuit, Tiffany,0.4883,0.4883,0.0189,1,5,6,7,8,9,13,13,14,15,17
"When Robert and Sarah got a bone at the office, Robert decided to give the bone to",490,19, Robert, Sarah, Robert, Robert, Sarah, Sarah,circuit, Sarah,0.7578,0.7578,0.0007,1,2,3,4,5,6,11,12,13,16,18
"Then, Thomas and Paul had a long argument, and afterwards Thomas said to",305,16, Thomas, Paul, Thomas, Thomas, Paul, Paul,circuit, Paul,0.3945,0.3945,0.1455,1,3,4,5,6,10,10,13,14,15,15
"After the lunch, Benjamin and Nathan went to the store. Benjamin gave a kiss to",641,18, Benjamin, Nathan, Benjamin, Benjamin, Nathan, Nathan,circuit, Nathan,0.7578,0.7578,0.0051,1,5,6,7,8,10,12,13,14,15,17
"Then, Jason and Christina were working at the station. Jason decided to give a ring to",184,19, Jason, Christina, Jason, Jason, Christina, Christina,circuit, Christina,0.5117,0.5117,0.0034,1,3,4,5,6,8,11,12,13,16,18
"Then, Sarah and Lauren had a lot of fun at the school. Sarah gave a computer to",92,20, Sarah, Lauren, Sarah, Sarah, Lauren, Lauren,circuit, Lauren,0.4805,0.4805,0.0649,1,3,4,5,6,11,15,15,16,17,19
"Then, Michael and Jennifer went to the office. Michael gave a basketball to",43,16, Michael, Jennifer, Michael, Michael, Jennifer, Jennifer,circuit, Jennifer,0.7148,0.7148,0.0588,1,3,4,5,6,8,10,11,12,13,15
"While Jennifer and Jason were commuting to the office, Jennifer gave a necklace to",621,16, Jennifer, Jason, Jennifer, Jennifer, Jason, Jason,circuit, Jason,0.6016,0.6016,0.03,1,2,3,4,5,7,10,11,12,13,15
"When Matthew and Jason got a computer at the hospital, Matthew decided to give the computer to",484,19, Matthew, Jason, Matthew, Matthew, Jason, Jason,circuit, Jason,0.4277,0.4277,0.0078,1,2,3,4,5,6,11,12,13,16,18
"While Michelle and Patrick were working at the house, Michelle gave a snack to",567,16, Michelle, Patrick, Michelle, Michelle, Patrick, Patrick,circuit, Patrick,0.4375,0.4375,0.008,1,2,3,4,5,8,10,11,12,13,15
"Then, John and Joseph went to the garden. John gave a computer to",12,16, John, Joseph, John, John, Joseph, Joseph,circuit, Joseph,0.6094,0.6094,0.082,1,3,4,5,6,8,10,11,12,13,15
"When Brandon and Justin got a kiss at the school, Brandon decided to give the kiss to",473,19, Brandon, Justin, Brandon, Brandon, Justin, Justin,circuit, Justin,0.7969,0.7969,0.0007,1,2,3,4,5,6,11,12,13,16,18
"When Michael and Amanda got a kiss at the station, Michael decided to give the kiss to",505,19, Michael, Amanda, Michael, Michael, Amanda, Amanda,circuit, Amanda,0.7969,0.7969,0.0002,1,2,3,4,5,6,11,12,13,16,18
"After Jessica and David went to the restaurant, Jessica gave a basketball to",339,15, Jessica, David, Jessica, Jessica, David, David,circuit, David,0.2734,0.2734,0.1001,1,2,3,4,5,7,9,10,11,12,14
"Then, Andrew and William went to the hospital. Andrew gave a kiss to",33,16, Andrew, William, Andrew, Andrew, William, William,circuit, William,0.4473,0.4473,0.0135,1,3,4,5,6,8,10,11,12,13,15
"Then, Amanda and David had a long argument, and afterwards Amanda said to",266,16, Amanda, David, Amanda, Amanda, David, David,circuit, David,0.4629,0.4629,0.2812,1,3,4,5,6,10,10,13,14,15,15
"Then, Amanda and Jason were working at the restaurant. Amanda decided to give a ring to",144,19, Amanda, Jason, Amanda, Amanda, Jason, Jason,circuit, Jason,0.5625,0.5625,0.0762,1,3,4,5,6,9,11,12,13,16,18
"While Daniel and Joseph were working at the garden, Daniel gave a snack to",527,16, Daniel, Joseph, Daniel, Daniel, Joseph, Joseph,circuit, Joseph,0.5898,0.5898,0.0108,1,2,3,4,5,8,10,11,12,13,15
"After James and Brian went to the garden, James gave a drink to",334,15, James, Brian, James, James, Brian, Brian,circuit, Brian,0.3926,0.3926,0.0044,1,2,3,4,5,7,9,10,11,12,14
"Then, John and Stephanie had a long argument, and afterwards John said to",290,16, John, Stephanie, John, John, Stephanie, Stephanie,circuit, Stephanie,0.7266,0.7266,0.0596,1,3,4,5,6,10,10,13,14,15,15
"Then, Matthew and Brian had a long argument, and afterwards Matthew said to",319,16, Matthew, Brian, Matthew, Matthew, Brian, Brian,circuit, Brian,0.3652,0.3652,0.0815,1,3,4,5,6,10,10,13,14,15,15
"Afterwards, Michael and William went to the school. Michael gave a snack to",735,17, Michael, William, Michael, Michael, William, William,circuit, William,0.3633,0.3633,0.0493,1,4,5,6,7,9,12,12,13,14,16
"Then, Anthony and Timothy were working at the restaurant. Anthony decided to give a ring to",144,19, Anthony, Timothy, Anthony, Anthony, Timothy, Timothy,circuit, Timothy,0.6094,0.6094,0.0019,1,3,4,5,6,9,11,12,13,16,18
"Then, Christopher and Kyle went to the office. Christopher gave a necklace to",45,16, Christopher, Kyle, Christopher, Christopher, Kyle, Kyle,circuit, Kyle,0.4941,0.4941,0.0247,1,3,4,5,6,7,10,11,12,13,15
"After the lunch, James and William went to the school. James gave a computer to",668,18, James, William, James, James, William, William,circuit, William,0.3418,0.3418,0.126,1,5,6,7,8,10,12,13,14,15,17
"Afterwards, Ryan and Kevin went to the office. Ryan gave a drink to",750,17, Ryan, Kevin, Ryan, Ryan, Kevin, Kevin,circuit, Kevin,0.5352,0.5352,0.0437,1,4,5,6,7,9,11,12,13,14,16
"Then, Ryan and Nicholas had a long argument. Afterwards Ryan said to",769,15, Ryan, Nicholas, Ryan, Ryan, Nicholas, Nicholas,circuit, Nicholas,0.3359,0.3359,0.1235,1,3,4,5,6,10,10,11,13,14,14
"Then, Matthew and Daniel had a lot of fun at the store. Matthew gave a bone to",66,20, Matthew, Daniel, Matthew, Matthew, Daniel, Daniel,circuit, Daniel,0.3867,0.3867,0.0192,1,3,4,5,6,11,14,15,16,17,19
"Then, Matthew and Ryan had a long argument. Afterwards Matthew said to",818,15, Matthew, Ryan, Matthew, Matthew, Ryan, Ryan,circuit, Ryan,0.4336,0.4336,0.0356,1,3,4,5,6,10,10,11,13,14,14
"Then, David and Brittany went to the garden. David gave a computer to",12,16, David, Brittany, David, David, Brittany, Brittany,circuit, Brittany,0.3965,0.3965,0.1455,1,3,4,5,6,7,10,11,12,13,15
The station Brandon and Brittany went to had a ring. Brandon gave it to,888,16, Brandon, Brittany, Brandon, Brandon, Brittany, Brittany,circuit, Brittany,0.7617,0.7617,0.0085,1,3,4,5,6,8,11,12,13,14,15
"Afterwards, Brian and Michelle went to the office. Brian gave a drink to",750,17, Brian, Michelle, Brian, Brian, Michelle, Michelle,circuit, Michelle,0.2236,0.2236,0.082,1,4,5,6,7,9,12,12,13,14,16
"Then, Joshua and Michelle were working at the station. Joshua decided to give a ring to",184,19, Joshua, Michelle, Joshua, Joshua, Michelle, Michelle,circuit, Michelle,0.3047,0.3047,0.0056,1,3,4,5,6,8,11,12,13,16,18
"Then, Justin and Megan were thinking about going to the restaurant. Justin wanted to give a basketball to",211,21, Justin, Megan, Justin, Justin, Megan, Megan,circuit, Megan,0.5195,0.5195,0.0156,1,3,4,5,6,10,13,14,15,18,20
"Then, Joseph and Kyle went to the office. Joseph gave a snack to",47,16, Joseph, Kyle, Joseph, Joseph, Kyle, Kyle,circuit, Kyle,0.5273,0.5273,0.0036,1,3,4,5,6,7,10,11,12,13,15
"Then, Lauren and Aaron had a long argument, and afterwards Lauren said to",288,16, Lauren, Aaron, Lauren, Lauren, Aaron, Aaron,circuit, Aaron,0.4414,0.4414,0.1621,1,3,4,5,6,10,10,13,14,15,15
"While Amanda and Jacob were working at the restaurant, Amanda gave a necklace to",533,16, Amanda, Jacob, Amanda, Amanda, Jacob, Jacob,circuit, Jacob,0.4297,0.4297,0.0129,1,2,3,4,5,7,10,11,12,13,15
"Afterwards, Matthew and Jason went to the garden. Matthew gave a ring to",712,17, Matthew, Jason, Matthew, Matthew, Jason, Jason,circuit, Jason,0.4375,0.4375,0.0461,1,4,5,6,7,9,12,12,13,14,16
Friends Michael and Matthew found a drink at the restaurant. Michael gave it to,918,16, Michael, Matthew, Michael, Michael, Matthew, Matthew,circuit, Matthew,0.3457,0.3457,0.0063,1,2,3,4,5,6,11,12,13,14,15
"Then, Jonathan and Eric were thinking about going to the store. Jonathan wanted to give a computer to",196,21, Jonathan, Eric, Jonathan, Jonathan, Eric, Eric,circuit, Eric,0.3809,0.3809,0.0312,1,3,4,5,6,10,13,14,15,18,20
"Then, Christopher and Ryan were thinking about going to the restaurant. Christopher wanted to give a necklace to",213,21, Christopher, Ryan, Christopher, Christopher, Ryan, Ryan,circuit, Ryan,0.2754,0.2754,0.0031,1,3,4,5,6,10,13,14,15,18,20
"Then, Daniel and Kyle had a lot of fun at the store. Daniel gave a basketball to",67,20, Daniel, Kyle, Daniel, Daniel, Kyle, Kyle,circuit, Kyle,0.582,0.582,0.0476,1,3,4,5,6,11,14,15,16,17,19
"After Ashley and Laura went to the office, Ashley gave a snack to",367,15, Ashley, Laura, Ashley, Ashley, Laura, Laura,circuit, Laura,0.3477,0.3477,0.0063,1,2,3,4,5,7,9,10,11,12,14
The hospital Rachel and Jacob went to had a necklace. Rachel gave it to,869,16, Rachel, Jacob, Rachel, Rachel, Jacob, Jacob,circuit, Jacob,0.6602,0.6602,0.0255,1,3,4,5,6,7,8,12,13,14,15
"Then, Heather and Thomas were working at the restaurant. Heather decided to give a ring to",144,19, Heather, Thomas, Heather, Heather, Thomas, Thomas,circuit, Thomas,0.2988,0.2988,0.0149,1,3,4,5,6,8,11,12,13,16,18
"Afterwards, Steven and Christina went to the office. Steven gave a computer to",748,17, Steven, Christina, Steven, Steven, Christina, Christina,circuit, Christina,0.6133,0.6133,0.0184,1,4,5,6,7,9,12,12,13,14,16
"Then, Stephanie and Christina were working at the store. Stephanie decided to give a ring to",128,19, Stephanie, Christina, Stephanie, Stephanie, Christina, Christina,circuit, Christina,0.3477,0.3477,0.0173,1,3,4,5,6,8,11,12,13,16,18
"When Ryan and Melissa got a bone at the hospital, Ryan decided to give it to",418,18, Ryan, Melissa, Ryan, Ryan, Melissa, Melissa,circuit, Melissa,0.3691,0.3691,0.0025,1,2,3,4,5,6,11,12,13,16,17
"Then, Joshua and Daniel were working at the house. Joshua decided to give a ring to",176,19, Joshua, Daniel, Joshua, Joshua, Daniel, Daniel,circuit, Daniel,0.6055,0.6055,0.0182,1,3,4,5,6,9,11,12,13,16,18
"Then, Ryan and Elizabeth went to the house. Ryan gave a kiss to",49,16, Ryan, Elizabeth, Ryan, Ryan, Elizabeth, Elizabeth,circuit, Elizabeth,0.8047,0.8047,0.0054,1,3,4,5,6,8,10,11,12,13,15
The store Christopher and Jennifer went to had a ring. Christopher gave it to,832,16, Christopher, Jennifer, Christopher, Christopher, Jennifer, Jennifer,circuit, Jennifer,0.668,0.668,0.001,1,3,4,5,6,8,11,12,13,14,15
The hospital Crystal and Jeremy went to had a bone. Crystal gave it to,866,16, Crystal, Jeremy, Crystal, Crystal, Jeremy, Jeremy,circuit, Jeremy,0.9297,0.9297,0.0007,1,3,4,5,6,8,11,12,13,14,15
"Afterwards, Ryan and Rachel went to the restaurant. Ryan gave a snack to",727,17, Ryan, Rachel, Ryan, Ryan, Rachel, Rachel,circuit, Rachel,0.7148,0.7148,0.0131,1,4,5,6,7,9,12,12,13,14,16
"Then, Ryan and Adam went to the house. Ryan gave a computer to",52,16, Ryan, Adam, Ryan, Ryan, Adam, Adam,circuit, Adam,0.5742,0.5742,0.0776,1,3,4,5,6,8,10,11,12,13,15
"After Laura and Aaron went to the school, Laura gave a kiss to",345,15, Laura, Aaron, Laura, Laura, Aaron, Aaron,circuit, Aaron,0.4316,0.4316,0.0215,1,2,3,4,5,6,9,10,11,12,14
"While Jessica and Joseph were working at the office, Jessica gave a drink to",558,16, Jessica, Joseph, Jessica, Jessica, Joseph, Joseph,circuit, Joseph,0.4492,0.4492,0.0082,1,2,3,4,5,8,10,11,12,13,15
"Then, William and Christina had a long argument, and afterwards William said to",312,16, William, Christina, William, William, Christina, Christina,circuit, Christina,0.5664,0.5664,0.0063,1,3,4,5,6,10,10,13,14,15,15
The restaurant Andrew and Anthony went to had a drink. Andrew gave it to,854,16, Andrew, Anthony, Andrew, Andrew, Anthony, Anthony,circuit, Anthony,0.498,0.498,0.0043,1,3,4,5,6,7,8,12,13,14,15
Friends Justin and Christina found a snack at the school. Justin gave it to,927,16, Justin, Christina, Justin, Justin, Christina, Christina,circuit, Christina,0.5859,0.5859,0.0011,1,2,3,4,5,6,11,12,13,14,15
"Then, John and Sean had a lot of fun at the garden. John gave a necklace to",77,20, John, Sean, John, John, Sean, Sean,circuit, Sean,0.7617,0.7617,0.014,1,3,4,5,6,11,14,15,16,17,19
Friends Daniel and John found a bone at the hospital. Daniel gave it to,930,16, Daniel, John, Daniel, Daniel, John, John,circuit, John,0.4297,0.4297,0.013,1,2,3,4,5,6,11,12,13,14,15
"Then, Sarah and Anthony had a long argument. Afterwards Sarah said to",798,15, Sarah, Anthony, Sarah, Sarah, Anthony, Anthony,circuit, Anthony,0.3887,0.3887,0.0869,1,3,4,5,6,10,10,11,13,14,14
Friends Christina and Emily found a kiss at the station. Christina gave it to,953,16, Christina, Emily, Christina, Christina, Emily, Emily,circuit, Emily,0.6289,0.6289,0.0042,1,2,3,4,5,6,11,12,13,14,15
"When Amy and Sean got a necklace at the hospital, Amy decided to give the necklace to",485,19, Amy, Sean, Amy, Amy, Sean, Sean,circuit, Sean,0.4883,0.4883,0.009,1,2,3,4,5,6,11,12,13,16,18
"While Ryan and Heather were working at the house, Ryan gave a computer to",564,16, Ryan, Heather, Ryan, Ryan, Heather, Heather,circuit, Heather,0.6758,0.6758,0.0204,1,2,3,4,5,7,10,11,12,13,15
The restaurant Christina and Sean went to had a bone. Christina gave it to,850,16, Christina, Sean, Christina, Christina, Sean, Sean,circuit, Sean,0.6914,0.6914,0.0004,1,3,4,5,6,8,11,12,13,14,15
"Afterwards, Joshua and Joseph went to the school. Joshua gave a necklace to",733,17, Joshua, Joseph, Joshua, Joshua, Joseph, Joseph,circuit, Joseph,0.668,0.668,0.0201,1,4,5,6,7,9,12,12,13,14,16
"Then, Heather and Elizabeth were working at the school. Heather decided to give a computer to",156,19, Heather, Elizabeth, Heather, Heather, Elizabeth, Elizabeth,circuit, Elizabeth,0.332,0.332,0.0449,1,3,4,5,6,8,11,12,13,16,18
"After the lunch, Jennifer and Nicholas went to the garden. Jennifer gave a bone to",650,18, Jennifer, Nicholas, Jennifer, Jennifer, Nicholas, Nicholas,circuit, Nicholas,0.2715,0.2715,0.0366,1,5,6,7,8,10,13,13,14,15,17
"Then, Michael and John went to the office. Michael gave a drink to",46,16, Michael, John, Michael, Michael, John, John,circuit, John,0.3594,0.3594,0.0486,1,3,4,5,6,8,10,11,12,13,15
Friends Michael and Elizabeth found a necklace at the station. Michael gave it to,957,16, Michael, Elizabeth, Michael, Michael, Elizabeth, Elizabeth,circuit, Elizabeth,0.7969,0.7969,0.0033,1,2,3,4,5,6,11,12,13,14,15
"While Amanda and Ryan were working at the house, Amanda gave a snack to",567,16, Amanda, Ryan, Amanda, Amanda, Ryan, Ryan,circuit, Ryan,0.334,0.334,0.0747,1,2,3,4,5,7,10,11,12,13,15
"Then, Tiffany and Sara had a long argument, and afterwards Tiffany said to",297,16, Tiffany, Sara, Tiffany, Tiffany, Sara, Sara,circuit, Sara,0.4961,0.4961,0.0674,1,3,4,5,6,10,10,13,14,15,15
"After Michael and Jason went to the house, Michael gave a kiss to",369,15, Michael, Jason, Michael, Michael, Jason, Jason,circuit, Jason,0.6758,0.6758,0.0124,1,2,3,4,5,7,9,10,11,12,14
"Then, Amy and Crystal went to the hospital. Amy gave a ring to",32,16, Amy, Crystal, Amy, Amy, Crystal, Crystal,circuit, Crystal,0.4043,0.4043,0.0898,1,3,4,5,6,8,10,11,12,13,15
"While Michael and Christina were working at the store, Michael gave a necklace to",517,16, Michael, Christina, Michael, Michael, Christina, Christina,circuit, Christina,0.7773,0.7773,0.0004,1,2,3,4,5,8,10,11,12,13,15
"When Ryan and Jason got a ring at the garden, Ryan decided to give the ring to",456,19, Ryan, Jason, Ryan, Ryan, Jason, Jason,circuit, Jason,0.418,0.418,0.0077,1,2,3,4,5,6,11,12,13,16,18
"When Ashley and Lauren got a kiss at the office, Ashley decided to give the kiss to",489,19, Ashley, Lauren, Ashley, Ashley, Lauren, Lauren,circuit, Lauren,0.6328,0.6328,0.0016,1,2,3,4,5,6,11,12,13,16,18
"After Brandon and Nicole went to the school, Brandon gave a bone to",346,15, Brandon, Nicole, Brandon, Brandon, Nicole, Nicole,circuit, Nicole,0.3867,0.3867,0.0193,1,2,3,4,5,7,9,10,11,12,14
Friends James and Richard found a kiss at the hospital. James gave it to,929,16, James, Richard, James, James, Richard, Richard,circuit, Richard,0.5273,0.5273,0.0159,1,2,3,4,5,6,11,12,13,14,15
"Then, Heather and Christina were working at the restaurant. Heather decided to give a drink to",150,19, Heather, Christina, Heather, Heather, Christina, Christina,circuit, Christina,0.2949,0.2949,0.0243,1,3,4,5,6,8,11,12,13,16,18
"After the lunch, Anthony and Timothy went to the office. Anthony gave a kiss to",681,18, Anthony, Timothy, Anthony, Anthony, Timothy, Timothy,circuit, Timothy,0.7148,0.7148,0.0048,1,5,6,7,8,10,12,13,14,15,17
"Then, Melissa and Timothy had a long argument, and afterwards Melissa said to",288,16, Melissa, Timothy, Melissa, Melissa, Timothy, Timothy,circuit, Timothy,0.4277,0.4277,0.1572,1,3,4,5,6,10,10,13,14,15,15
"While Daniel and Anthony were working at the house, Daniel gave a kiss to",561,16, Daniel, Anthony, Daniel, Daniel, Anthony, Anthony,circuit, Anthony,0.3086,0.3086,0.0093,1,2,3,4,5,8,10,11,12,13,15
"While Joshua and Steven were commuting to the hospital, Joshua gave a kiss to",609,16, Joshua, Steven, Joshua, Joshua, Steven, Steven,circuit, Steven,0.5039,0.5039,0.001,1,2,3,4,5,7,10,11,12,13,15
"While Timothy and Erin were working at the office, Timothy gave a basketball to",555,16, Timothy, Erin, Timothy, Timothy, Erin, Erin,circuit, Erin,0.6406,0.6406,0.0071,1,2,3,4,5,7,10,11,12,13,15
The restaurant James and Justin went to had a snack. James gave it to,855,16, James, Justin, James, James, Justin, Justin,circuit, Justin,0.5898,0.5898,0.0011,1,3,4,5,6,7,8,12,13,14,15
"Then, Stephanie and Kevin had a long argument, and afterwards Stephanie said to",291,16, Stephanie, Kevin, Stephanie, Stephanie, Kevin, Kevin,circuit, Kevin,0.7891,0.7891,0.0649,1,3,4,5,6,10,10,13,14,15,15
"Then, Jessica and Joshua had a long argument, and afterwards Jessica said to",304,16, Jessica, Joshua, Jessica, Jessica, Joshua, Joshua,circuit, Joshua,0.9297,0.9297,0.0103,1,3,4,5,6,10,10,13,14,15,15
"Then, Crystal and Jacob were working at the restaurant. Crystal decided to give a computer to",148,19, Crystal, Jacob, Crystal, Crystal, Jacob, Jacob,circuit, Jacob,0.6211,0.6211,0.0396,1,3,4,5,6,9,12,12,13,16,18
Friends Christopher and Nicholas found a drink at the school. Christopher gave it to,926,16, Christopher, Nicholas, Christopher, Christopher, Nicholas, Nicholas,circuit, Nicholas,0.5156,0.5156,0.0057,1,2,3,4,5,6,11,12,13,14,15
"While Joseph and Nicole were commuting to the school, Joseph gave a drink to",606,16, Joseph, Nicole, Joseph, Joseph, Nicole, Nicole,circuit, Nicole,0.5469,0.5469,0.0014,1,2,3,4,5,7,10,11,12,13,15
"When Daniel and Anthony got a kiss at the restaurant, Daniel decided to give the kiss to",465,19, Daniel, Anthony, Daniel, Daniel, Anthony, Anthony,circuit, Anthony,0.4707,0.4707,0.0012,1,2,3,4,5,6,11,12,13,16,18
"Then, Ashley and Megan went to the garden. Ashley gave a drink to",14,16, Ashley, Megan, Ashley, Ashley, Megan, Megan,circuit, Megan,0.4375,0.4375,0.008,1,3,4,5,6,7,10,11,12,13,15
Friends David and Stephanie found a kiss at the restaurant. David gave it to,913,16, David, Stephanie, David, David, Stephanie, Stephanie,circuit, Stephanie,0.6875,0.6875,0.0028,1,2,3,4,5,6,11,12,13,14,15
"When Heather and Nathan got a kiss at the restaurant, Heather decided to give the kiss to",465,19, Heather, Nathan, Heather, Heather, Nathan, Nathan,circuit, Nathan,0.7852,0.7852,0.0007,1,2,3,4,5,6,11,12,13,16,18
"When Daniel and James got a bone at the office, Daniel decided to give the bone to",490,19, Daniel, James, Daniel, Daniel, James, James,circuit, James,0.6602,0.6602,0.0073,1,2,3,4,5,6,11,12,13,16,18
"Then, Jennifer and John went to the office. Jennifer gave a kiss to",41,16, Jennifer, John, Jennifer, Jennifer, John, John,circuit, John,0.5977,0.5977,0.0297,1,3,4,5,6,8,10,11,12,13,15
"When Justin and Elizabeth got a bone at the hospital, Justin decided to give the bone to",482,19, Justin, Elizabeth, Justin, Justin, Elizabeth, Elizabeth,circuit, Elizabeth,0.7891,0.7891,0.0002,1,2,3,4,5,6,11,12,13,16,18
"After the lunch, Christopher and Justin went to the school. Christopher gave a bone to",666,18, Christopher, Justin, Christopher, Christopher, Justin, Justin,circuit, Justin,0.3828,0.3828,0.0116,1,5,6,7,8,10,13,13,14,15,17
"After Ryan and Timothy went to the office, Ryan gave a bone to",362,15, Ryan, Timothy, Ryan, Ryan, Timothy, Timothy,circuit, Timothy,0.3379,0.3379,0.0029,1,2,3,4,5,7,9,10,11,12,14
"When Brian and Thomas got a ring at the station, Brian decided to give it to",440,18, Brian, Thomas, Brian, Brian, Thomas, Thomas,circuit, Thomas,0.4043,0.4043,0.001,1,2,3,4,5,6,11,12,13,16,17
"Then, Joshua and Sarah went to the hospital. Joshua gave a snack to",39,16, Joshua, Sarah, Joshua, Joshua, Sarah, Sarah,circuit, Sarah,0.4414,0.4414,0.0133,1,3,4,5,6,7,10,11,12,13,15
"When Daniel and Justin got a snack at the hospital, Daniel decided to give the snack to",487,19, Daniel, Justin, Daniel, Daniel, Justin, Justin,circuit, Justin,0.5508,0.5508,0.0061,1,2,3,4,5,6,11,12,13,16,18
"Then, Adam and Danielle had a lot of fun at the school. Adam gave a basketball to",91,20, Adam, Danielle, Adam, Adam, Danielle, Danielle,circuit, Danielle,0.7773,0.7773,0.0143,1,3,4,5,6,11,15,15,16,17,19
"Then, James and Benjamin went to the store. James gave a basketball to",3,16, James, Benjamin, James, James, Benjamin, Benjamin,circuit, Benjamin,0.7305,0.7305,0.0466,1,3,4,5,6,8,10,11,12,13,15
"Then, Eric and Crystal went to the house. Eric gave a computer to",52,16, Eric, Crystal, Eric, Eric, Crystal, Crystal,circuit, Crystal,0.8984,0.8984,0.0011,1,3,4,5,6,8,10,11,12,13,15
"Then, Michael and Joseph had a long argument, and afterwards Michael said to",258,16, Michael, Joseph, Michael, Michael, Joseph, Joseph,circuit, Joseph,0.6875,0.6875,0.0566,1,3,4,5,6,10,10,13,14,15,15
"After the lunch, Jennifer and Robert went to the restaurant. Jennifer gave a kiss to",657,18, Jennifer, Robert, Jennifer, Jennifer, Robert, Robert,circuit, Robert,0.6211,0.6211,0.0398,1,5,6,7,8,10,13,13,14,15,17
"Then, Elizabeth and Megan had a long argument. Afterwards Elizabeth said to",791,15, Elizabeth, Megan, Elizabeth, Elizabeth, Megan, Megan,circuit, Megan,0.4941,0.4941,0.0669,1,3,4,5,6,10,10,11,13,14,14
"Then, Melissa and Emily had a long argument. Afterwards Melissa said to",809,15, Melissa, Emily, Melissa, Melissa, Emily, Emily,circuit, Emily,0.4199,0.4199,0.2559,1,3,4,5,6,10,10,11,13,14,14
"After David and Robert went to the school, David gave a ring to",344,15, David, Robert, David, David, Robert, Robert,circuit, Robert,0.2812,0.2812,0.0232,1,2,3,4,5,7,9,10,11,12,14
Friends Michael and Brian found a computer at the garden. Michael gave it to,908,16, Michael, Brian, Michael, Michael, Brian, Brian,circuit, Brian,0.6016,0.6016,0.0142,1,2,3,4,5,6,11,12,13,14,15
"Then, Matthew and Kyle had a long argument. Afterwards Matthew said to",806,15, Matthew, Kyle, Matthew, Matthew, Kyle, Kyle,circuit, Kyle,0.6484,0.6484,0.0322,1,3,4,5,6,10,10,11,13,14,14
"Then, Jessica and Ryan had a long argument, and afterwards Jessica said to",295,16, Jessica, Ryan, Jessica, Jessica, Ryan, Ryan,circuit, Ryan,0.3652,0.3652,0.1348,1,3,4,5,6,10,10,13,14,15,15
"After the lunch, Michael and Kyle went to the school. Michael gave a computer to",668,18, Michael, Kyle, Michael, Michael, Kyle, Kyle,circuit, Kyle,0.3867,0.3867,0.1108,1,5,6,7,8,10,12,13,14,15,17
"While David and Robert were commuting to the station, David gave a ring to",632,16, David, Robert, David, David, Robert, Robert,circuit, Robert,0.2363,0.2363,0.0118,1,2,3,4,5,7,10,11,12,13,15
"While Eric and Timothy were working at the station, Eric gave a basketball to",571,16, Eric, Timothy, Eric, Eric, Timothy, Timothy,circuit, Timothy,0.5117,0.5117,0.0021,1,2,3,4,5,7,10,11,12,13,15
"After the lunch, Jessica and Jason went to the store. Jessica gave a bone to",642,18, Jessica, Jason, Jessica, Jessica, Jason, Jason,circuit, Jason,0.3809,0.3809,0.085,1,5,6,7,8,10,12,13,14,15,17
The school Jonathan and Heather went to had a necklace. Jonathan gave it to,861,16, Jonathan, Heather, Jonathan, Jonathan, Heather, Heather,circuit, Heather,0.7188,0.7188,0.0007,1,3,4,5,6,8,11,12,13,14,15
"After Jennifer and Kevin went to the store, Jennifer gave a bone to",322,15, Jennifer, Kevin, Jennifer, Jennifer, Kevin, Kevin,circuit, Kevin,0.5039,0.5039,0.0092,1,2,3,4,5,7,9,10,11,12,14
The station Eric and Benjamin went to had a necklace. Eric gave it to,893,16, Eric, Benjamin, Eric, Eric, Benjamin, Benjamin,circuit, Benjamin,0.6914,0.6914,0.0036,1,3,4,5,6,8,11,12,13,14,15
"After James and Sarah went to the store, James gave a necklace to",325,15, James, Sarah, James, James, Sarah, Sarah,circuit, Sarah,0.6719,0.6719,0.0074,1,2,3,4,5,6,9,10,11,12,14
"Then, Steven and Danielle had a long argument, and afterwards Steven said to",300,16, Steven, Danielle, Steven, Steven, Danielle, Danielle,circuit, Danielle,0.6602,0.6602,0.033,1,3,4,5,6,10,10,13,14,15,15
"Then, Joseph and Nicole went to the store. Joseph gave a basketball to",3,16, Joseph, Nicole, Joseph, Joseph, Nicole, Nicole,circuit, Nicole,0.7539,0.7539,0.004,1,3,4,5,6,7,10,11,12,13,15
"Then, Sarah and Benjamin had a long argument, and afterwards Sarah said to",261,16, Sarah, Benjamin, Sarah, Sarah, Benjamin, Benjamin,circuit, Benjamin,0.543,0.543,0.1211,1,3,4,5,6,10,10,13,14,15,15
"While Elizabeth and Megan were working at the restaurant, Elizabeth gave a necklace to",533,16, Elizabeth, Megan, Elizabeth, Elizabeth, Megan, Megan,circuit, Megan,0.3906,0.3906,0.0118,1,2,3,4,5,7,10,11,12,13,15
"Then, Jennifer and Amanda had a long argument. Afterwards Jennifer said to",769,15, Jennifer, Amanda, Jennifer, Jennifer, Amanda, Amanda,circuit, Amanda,0.7148,0.7148,0.0972,1,3,4,5,6,10,10,11,13,14,14
"Afterwards, Ryan and Brittany went to the store. Ryan gave a bone to",706,17, Ryan, Brittany, Ryan, Ryan, Brittany, Brittany,circuit, Brittany,0.4883,0.4883,0.0513,1,4,5,6,7,8,12,12,13,14,16
"While Christopher and Kyle were working at the store, Christopher gave a drink to",518,16, Christopher, Kyle, Christopher, Christopher, Kyle, Kyle,circuit, Kyle,0.4785,0.4785,0.0012,1,2,3,4,5,7,10,11,12,13,15
"Then, Andrew and Amber were thinking about going to the hospital. Andrew wanted to give a computer to",228,21, Andrew, Amber, Andrew, Andrew, Amber, Amber,circuit, Amber,0.3828,0.3828,0.007,1,3,4,5,6,10,14,14,15,18,20
"After the lunch, Matthew and Andrew went to the restaurant. Matthew gave a snack to",663,18, Matthew, Andrew, Matthew, Matthew, Andrew, Andrew,circuit, Andrew,0.3477,0.3477,0.0173,1,5,6,7,8,10,12,13,14,15,17
"Then, William and Nicholas had a long argument. Afterwards William said to",798,15, William, Nicholas, William, William, Nicholas, Nicholas,circuit, Nicholas,0.5547,0.5547,0.0454,1,3,4,5,6,10,10,11,13,14,14
"Then, Daniel and Brittany went to the store. Daniel gave a necklace to",5,16, Daniel, Brittany, Daniel, Daniel, Brittany, Brittany,circuit, Brittany,0.7305,0.7305,0.0134,1,3,4,5,6,8,10,11,12,13,15
"When Jason and Laura got a snack at the office, Jason decided to give it to",431,18, Jason, Laura, Jason, Jason, Laura, Laura,circuit, Laura,0.5273,0.5273,0.0001,1,2,3,4,5,6,11,12,13,16,17
The garden Christopher and Jennifer went to had a snack. Christopher gave it to,847,16, Christopher, Jennifer, Christopher, Christopher, Jennifer, Jennifer,circuit, Jennifer,0.6133,0.6133,0.0025,1,3,4,5,6,7,8,12,13,14,15
"After the lunch, Christina and Kyle went to the house. Christina gave a kiss to",689,18, Christina, Kyle, Christina, Christina, Kyle, Kyle,circuit, Kyle,0.6445,0.6445,0.0679,1,5,6,7,8,10,12,13,14,15,17
"When Matthew and Elizabeth got a kiss at the house, Matthew decided to give it to",433,18, Matthew, Elizabeth, Matthew, Matthew, Elizabeth, Elizabeth,circuit, Elizabeth,0.668,0.668,0.001,1,2,3,4,5,6,11,12,13,16,17
"While John and Jeffrey were working at the house, John gave a drink to",566,16, John, Jeffrey, John, John, Jeffrey, Jeffrey,circuit, Jeffrey,0.3633,0.3633,0.0298,1,2,3,4,5,8,10,11,12,13,15
"Then, Brandon and Laura had a lot of fun at the garden. Brandon gave a ring to",72,20, Brandon, Laura, Brandon, Brandon, Laura, Laura,circuit, Laura,0.8516,0.8516,0.0021,1,3,4,5,6,11,14,15,16,17,19
"Then, Sarah and Jonathan were working at the garden. Sarah decided to give a necklace to",141,19, Sarah, Jonathan, Sarah, Sarah, Jonathan, Jonathan,circuit, Jonathan,0.6328,0.6328,0.0315,1,3,4,5,6,9,11,12,13,16,18
"When Jason and Aaron got a snack at the office, Jason decided to give it to",431,18, Jason, Aaron, Jason, Jason, Aaron, Aaron,circuit, Aaron,0.2715,0.2715,0.003,1,2,3,4,5,6,11,12,13,16,17
"When Joshua and Daniel got a computer at the school, Joshua decided to give the computer to",476,19, Joshua, Daniel, Joshua, Joshua, Daniel, Daniel,circuit, Daniel,0.6289,0.6289,0.0042,1,2,3,4,5,6,11,12,13,16,18
Friends Jonathan and Eric found a snack at the garden. Jonathan gave it to,911,16, Jonathan, Eric, Jonathan, Jonathan, Eric, Eric,circuit, Eric,0.6602,0.6602,0.001,1,2,3,4,5,6,11,12,13,14,15
"When Jennifer and Brandon got a snack at the restaurant, Jennifer decided to give the snack to",471,19, Jennifer, Brandon, Jennifer, Jennifer, Brandon, Brandon,circuit, Brandon,0.4551,0.4551,0.0011,1,2,3,4,5,6,11,12,13,16,18
"When Joseph and Eric got a necklace at the office, Joseph decided to give the necklace to",493,19, Joseph, Eric, Joseph, Joseph, Eric, Eric,circuit, Eric,0.875,0.875,0.0005,1,2,3,4,5,6,11,12,13,16,18
"Then, Andrew and Melissa went to the station. Andrew gave a basketball to",59,16, Andrew, Melissa, Andrew, Andrew, Melissa, Melissa,circuit, Melissa,0.8047,0.8047,0.0012,1,3,4,5,6,8,10,11,12,13,15
"When Christopher and Adam got a computer at the restaurant, Christopher decided to give it to",404,18, Christopher, Adam, Christopher, Christopher, Adam, Adam,circuit, Adam,0.5,0.5,0.0012,1,2,3,4,5,6,11,12,13,16,17
"When Brandon and Kevin got a necklace at the garden, Brandon decided to give it to",397,18, Brandon, Kevin, Brandon, Brandon, Kevin, Kevin,circuit, Kevin,0.6758,0.6758,0.0017,1,2,3,4,5,6,11,12,13,16,17
"Then, Jeremy and Aaron had a lot of fun at the school. Jeremy gave a drink to",94,20, Jeremy, Aaron, Jeremy, Jeremy, Aaron, Aaron,circuit, Aaron,0.3008,0.3008,0.015,1,3,4,5,6,11,14,15,16,17,19
Friends Michael and Tiffany found a basketball at the office. Michael gave it to,939,16, Michael, Tiffany, Michael, Michael, Tiffany, Tiffany,circuit, Tiffany,0.7031,0.7031,0.0061,1,2,3,4,5,6,11,12,13,14,15
"After the lunch, Joshua and Daniel went to the garden. Joshua gave a ring to",648,18, Joshua, Daniel, Joshua, Joshua, Daniel, Daniel,circuit, Daniel,0.6758,0.6758,0.0432,1,5,6,7,8,10,13,13,14,15,17
"Then, Justin and Michelle had a long argument. Afterwards Justin said to",819,15, Justin, Michelle, Justin, Justin, Michelle, Michelle,circuit, Michelle,0.8086,0.8086,0.0244,1,3,4,5,6,10,10,11,13,14,14
"After the lunch, Daniel and Joseph went to the restaurant. Daniel gave a kiss to",657,18, Daniel, Joseph, Daniel, Daniel, Joseph, Joseph,circuit, Joseph,0.7227,0.7227,0.0461,1,5,6,7,8,10,13,13,14,15,17
"Then, Brandon and Melissa were working at the store. Brandon decided to give a basketball to",131,19, Brandon, Melissa, Brandon, Brandon, Melissa, Melissa,circuit, Melissa,0.7578,0.7578,0.0228,1,3,4,5,6,8,11,12,13,16,18
Friends John and Brian found a computer at the store. John gave it to,900,16, John, Brian, John, John, Brian, Brian,circuit, Brian,0.6797,0.6797,0.0125,1,2,3,4,5,6,11,12,13,14,15
"While Brian and Steven were working at the hospital, Brian gave a snack to",551,16, Brian, Steven, Brian, Brian, Steven, Steven,circuit, Steven,0.334,0.334,0.0061,1,2,3,4,5,7,10,11,12,13,15
"Then, Jessica and Jacob had a lot of fun at the restaurant. Jessica gave a drink to",86,20, Jessica, Jacob, Jessica, Jessica, Jacob, Jacob,circuit, Jacob,0.5273,0.5273,0.0262,1,3,4,5,6,11,14,15,16,17,19
Friends Joseph and Adam found a necklace at the school. Joseph gave it to,925,16, Joseph, Adam, Joseph, Joseph, Adam, Adam,circuit, Adam,0.6133,0.6133,0.0068,1,2,3,4,5,6,11,12,13,14,15
"Then, David and Laura went to the office. David gave a basketball to",43,16, David, Laura, David, David, Laura, Laura,circuit, Laura,0.5156,0.5156,0.1147,1,3,4,5,6,8,10,11,12,13,15
"Then, Jennifer and Elizabeth went to the house. Jennifer gave a drink to",54,16, Jennifer, Elizabeth, Jennifer, Jennifer, Elizabeth, Elizabeth,circuit, Elizabeth,0.2617,0.2617,0.0581,1,3,4,5,6,8,10,11,12,13,15
"Then, Jennifer and Steven were working at the hospital. Jennifer decided to give a snack to",167,19, Jennifer, Steven, Jennifer, Jennifer, Steven, Steven,circuit, Steven,0.2812,0.2812,0.0052,1,3,4,5,6,9,12,12,13,16,18
"After Brandon and Laura went to the station, Brandon gave a necklace to",381,15, Brandon, Laura, Brandon, Brandon, Laura, Laura,circuit, Laura,0.7227,0.7227,0.0049,1,2,3,4,5,7,9,10,11,12,14
"Then, Ryan and Benjamin were working at the station. Ryan decided to give a kiss to",185,19, Ryan, Benjamin, Ryan, Ryan, Benjamin, Benjamin,circuit, Benjamin,0.3828,0.3828,0.019,1,3,4,5,6,8,11,12,13,16,18
"Then, John and Elizabeth went to the garden. John gave a kiss to",9,16, John, Elizabeth, John, John, Elizabeth, Elizabeth,circuit, Elizabeth,0.6211,0.6211,0.0188,1,3,4,5,6,8,10,11,12,13,15
"Then, Brandon and Sarah were working at the school. Brandon decided to give a basketball to",155,19, Brandon, Sarah, Brandon, Brandon, Sarah, Sarah,circuit, Sarah,0.6133,0.6133,0.0068,1,3,4,5,6,8,11,12,13,16,18
"After the lunch, Michelle and Mark went to the store. Michelle gave a drink to",646,18, Michelle, Mark, Michelle, Michelle, Mark, Mark,circuit, Mark,0.3906,0.3906,0.032,1,5,6,7,8,10,12,13,14,15,17
"Afterwards, Thomas and Laura went to the station. Thomas gave a computer to",764,17, Thomas, Laura, Thomas, Thomas, Laura, Laura,circuit, Laura,0.4844,0.4844,0.0242,1,4,5,6,7,8,12,12,13,14,16
"Then, Justin and Aaron had a long argument. Afterwards Justin said to",810,15, Justin, Aaron, Justin, Justin, Aaron, Aaron,circuit, Aaron,0.6719,0.6719,0.0334,1,3,4,5,6,10,10,11,13,14,14
"After Joseph and William went to the house, Joseph gave a ring to",368,15, Joseph, William, Joseph, Joseph, William, William,circuit, William,0.4004,0.4004,0.1475,1,2,3,4,5,7,9,10,11,12,14
"While James and Lauren were commuting to the store, James gave a kiss to",577,16, James, Lauren, James, James, Lauren, Lauren,circuit, Lauren,0.7695,0.7695,0.0012,1,2,3,4,5,7,10,11,12,13,15
"While Brandon and Elizabeth were working at the hospital, Brandon gave a kiss to",545,16, Brandon, Elizabeth, Brandon, Brandon, Elizabeth, Elizabeth,circuit, Elizabeth,0.8789,0.8789,0.0005,1,2,3,4,5,8,10,11,12,13,15
"When William and Jonathan got a basketball at the store, William decided to give it to",387,18, William, Jonathan, William, William, Jonathan, Jonathan,circuit, Jonathan,0.459,0.459,0.0007,1,2,3,4,5,6,11,12,13,16,17
"When William and Lauren got a necklace at the house, William decided to give the necklace to",501,19, William, Lauren, William, William, Lauren, Lauren,circuit, Lauren,0.5078,0.5078,0.0008,1,2,3,4,5,6,11,12,13,16,18
"Then, Robert and Andrew were thinking about going to the office. Robert wanted to give a basketball to",235,21, Robert, Andrew, Robert, Robert, Andrew, Andrew,circuit, Andrew,0.3145,0.3145,0.0427,1,3,4,5,6,10,13,14,15,18,20
"Then, Adam and Thomas had a long argument, and afterwards Adam said to",276,16, Adam, Thomas, Adam, Adam, Thomas, Thomas,circuit, Thomas,0.5312,0.5312,0.0718,1,3,4,5,6,10,10,13,14,15,15
Friends Matthew and Daniel found a necklace at the house. Matthew gave it to,949,16, Matthew, Daniel, Matthew, Matthew, Daniel, Daniel,circuit, Daniel,0.5742,0.5742,0.003,1,2,3,4,5,6,11,12,13,14,15
"While Nicole and Patrick were working at the house, Nicole gave a necklace to",565,16, Nicole, Patrick, Nicole, Nicole, Patrick, Patrick,circuit, Patrick,0.3477,0.3477,0.0173,1,2,3,4,5,8,10,11,12,13,15
"While Jonathan and Amber were working at the hospital, Jonathan gave a drink to",550,16, Jonathan, Amber, Jonathan, Jonathan, Amber, Amber,circuit, Amber,0.4844,0.4844,0.0033,1,2,3,4,5,7,10,11,12,13,15
"Afterwards, Jason and Adam went to the restaurant. Jason gave a basketball to",723,17, Jason, Adam, Jason, Jason, Adam, Adam,circuit, Adam,0.4668,0.4668,0.063,1,4,5,6,7,9,12,12,13,14,16
"Then, Robert and Brandon had a lot of fun at the house. Robert gave a necklace to",117,20, Robert, Brandon, Robert, Robert, Brandon, Brandon,circuit, Brandon,0.5586,0.5586,0.0168,1,3,4,5,6,11,14,15,16,17,19
Friends Christopher and Jeffrey found a drink at the store. Christopher gave it to,902,16, Christopher, Jeffrey, Christopher, Christopher, Jeffrey, Jeffrey,circuit, Jeffrey,0.6562,0.6562,0.0016,1,2,3,4,5,6,11,12,13,14,15
"When Rachel and Paul got a necklace at the station, Rachel decided to give the necklace to",509,19, Rachel, Paul, Rachel, Rachel, Paul, Paul,circuit, Paul,0.5469,0.5469,0.01,1,2,3,4,5,6,11,12,13,16,18
"After James and Andrew went to the garden, James gave a ring to",328,15, James, Andrew, James, James, Andrew, Andrew,circuit, Andrew,0.3008,0.3008,0.0247,1,2,3,4,5,7,9,10,11,12,14
"Then, Benjamin and Emily were working at the office. Benjamin decided to give a computer to",172,19, Benjamin, Emily, Benjamin, Benjamin, Emily, Emily,circuit, Emily,0.832,0.832,0.0034,1,3,4,5,6,9,11,12,13,16,18
"Then, Brian and Benjamin had a lot of fun at the store. Brian gave a basketball to",67,20, Brian, Benjamin, Brian, Brian, Benjamin, Benjamin,circuit, Benjamin,0.5273,0.5273,0.0262,1,3,4,5,6,11,14,15,16,17,19
"Then, Andrew and Nicholas had a long argument, and afterwards Andrew said to",272,16, Andrew, Nicholas, Andrew, Andrew, Nicholas, Nicholas,circuit, Nicholas,0.4785,0.4785,0.0393,1,3,4,5,6,10,10,13,14,15,15
"Then, Jennifer and David went to the hospital. Jennifer gave a ring to",32,16, Jennifer, David, Jennifer, Jennifer, David, David,circuit, David,0.3418,0.3418,0.0464,1,3,4,5,6,8,10,11,12,13,15
"While Amanda and Crystal were commuting to the restaurant, Amanda gave a necklace to",597,16, Amanda, Crystal, Amanda, Amanda, Crystal, Crystal,circuit, Crystal,0.2197,0.2197,0.0811,1,2,3,4,5,7,10,11,12,13,15
"Then, Kyle and Rachel were thinking about going to the office. Kyle wanted to give a basketball to",235,21, Kyle, Rachel, Kyle, Kyle, Rachel, Rachel,circuit, Rachel,0.5156,0.5156,0.0422,1,3,4,5,6,10,13,14,15,18,20
"Afterwards, James and Sean went to the store. James gave a basketball to",707,17, James, Sean, James, James, Sean, Sean,circuit, Sean,0.7266,0.7266,0.022,1,4,5,6,7,9,12,12,13,14,16
"Then, Stephanie and Samantha had a long argument, and afterwards Stephanie said to",313,16, Stephanie, Samantha, Stephanie, Stephanie, Samantha, Samantha,circuit, Samantha,0.3398,0.3398,0.2061,1,3,4,5,6,10,10,13,14,15,15
The garden Robert and Jamie went to had a necklace. Robert gave it to,845,16, Robert, Jamie, Robert, Robert, Jamie, Jamie,circuit, Jamie,0.6797,0.6797,0.0017,1,3,4,5,6,7,8,12,13,14,15
"After Robert and Timothy went to the store, Robert gave a ring to",320,15, Robert, Timothy, Robert, Robert, Timothy, Timothy,circuit, Timothy,0.6094,0.6094,0.0068,1,2,3,4,5,7,9,10,11,12,14
"Then, Jennifer and John had a long argument. Afterwards Jennifer said to",795,15, Jennifer, John, Jennifer, Jennifer, John, John,circuit, John,0.668,0.668,0.0903,1,3,4,5,6,10,10,11,13,14,14
"When Joseph and Heather got a bone at the school, Joseph decided to give the bone to",474,19, Joseph, Heather, Joseph, Joseph, Heather, Heather,circuit, Heather,0.7422,0.7422,0.0018,1,2,3,4,5,6,11,12,13,16,18
"While Danielle and Jamie were commuting to the store, Danielle gave a ring to",576,16, Danielle, Jamie, Danielle, Danielle, Jamie, Jamie,circuit, Jamie,0.2422,0.2422,0.0121,1,2,3,4,5,7,10,11,12,13,15
"After Matthew and Kevin went to the house, Matthew gave a snack to",375,15, Matthew, Kevin, Matthew, Matthew, Kevin, Kevin,circuit, Kevin,0.3848,0.3848,0.0117,1,2,3,4,5,7,9,10,11,12,14
Friends Steven and Amber found a necklace at the station. Steven gave it to,957,16, Steven, Amber, Steven, Steven, Amber, Amber,circuit, Amber,0.4551,0.4551,0.0137,1,2,3,4,5,6,11,12,13,14,15
"Then, Erin and Angela went to the store. Erin gave a kiss to",1,16, Erin, Angela, Erin, Erin, Angela, Angela,circuit, Angela,0.7344,0.7344,0.0104,1,3,4,5,6,7,10,11,12,13,15
"Then, James and Elizabeth went to the store. James gave a drink to",6,16, James, Elizabeth, James, James, Elizabeth, Elizabeth,circuit, Elizabeth,0.5156,0.5156,0.0256,1,3,4,5,6,8,10,11,12,13,15
"After the lunch, Jeremy and Emily went to the house. Jeremy gave a drink to",694,18, Jeremy, Emily, Jeremy, Jeremy, Emily, Emily,circuit, Emily,0.7266,0.7266,0.0081,1,5,6,7,8,9,12,13,14,15,17
"After the lunch, Christopher and John went to the station. Christopher gave a kiss to",697,18, Christopher, John, Christopher, Christopher, John, John,circuit, John,0.4004,0.4004,0.0121,1,5,6,7,8,10,13,13,14,15,17
"Then, Daniel and Erica had a long argument. Afterwards Daniel said to",776,15, Daniel, Erica, Daniel, Daniel, Erica, Erica,circuit, Erica,0.7617,0.7617,0.0625,1,3,4,5,6,10,10,11,13,14,14
"Then, Jessica and Stephanie went to the school. Jessica gave a basketball to",27,16, Jessica, Stephanie, Jessica, Jessica, Stephanie, Stephanie,circuit, Stephanie,0.332,0.332,0.0449,1,3,4,5,6,8,10,11,12,13,15
"After Jonathan and Nicholas went to the hospital, Jonathan gave a ring to",352,15, Jonathan, Nicholas, Jonathan, Jonathan, Nicholas, Nicholas,circuit, Nicholas,0.4297,0.4297,0.0214,1,2,3,4,5,7,9,10,11,12,14
"Then, Heather and Steven went to the station. Heather gave a ring to",56,16, Heather, Steven, Heather, Heather, Steven, Steven,circuit, Steven,0.4453,0.4453,0.0284,1,3,4,5,6,8,10,11,12,13,15
"Afterwards, David and John went to the restaurant. David gave a bone to",722,17, David, John, David, David, John, John,circuit, John,0.25,0.25,0.0557,1,4,5,6,7,9,12,12,13,14,16
"Then, Brandon and Nicholas had a lot of fun at the station. Brandon gave a computer to",124,20, Brandon, Nicholas, Brandon, Brandon, Nicholas, Nicholas,circuit, Nicholas,0.4688,0.4688,0.0086,1,3,4,5,6,11,15,15,16,17,19
"When Michael and Eric got a ring at the garden, Michael decided to give the ring to",456,19, Michael, Eric, Michael, Michael, Eric, Eric,circuit, Eric,0.6875,0.6875,0.0046,1,2,3,4,5,6,11,12,13,16,18
"When Michael and Kyle got a snack at the store, Michael decided to give the snack to",455,19, Michael, Kyle, Michael, Michael, Kyle, Kyle,circuit, Kyle,0.5273,0.5273,0.0013,1,2,3,4,5,6,11,12,13,16,18
"Then, Andrew and Rebecca had a long argument, and afterwards Andrew said to",272,16, Andrew, Rebecca, Andrew, Andrew, Rebecca, Rebecca,circuit, Rebecca,0.6719,0.6719,0.0123,1,3,4,5,6,10,10,13,14,15,15
"Then, Ashley and Andrew had a long argument. Afterwards Ashley said to",770,15, Ashley, Andrew, Ashley, Ashley, Andrew, Andrew,circuit, Andrew,0.5859,0.5859,0.0481,1,3,4,5,6,10,10,11,13,14,14
"Then, John and Justin had a long argument. Afterwards John said to",827,15, John, Justin, John, John, Justin, Justin,circuit, Justin,0.4297,0.4297,0.2598,1,3,4,5,6,10,10,11,13,14,14
"Then, Michelle and Charles had a long argument, and afterwards Michelle said to",292,16, Michelle, Charles, Michelle, Michelle, Charles, Charles,circuit, Charles,0.2734,0.2734,0.2734,1,3,4,5,6,10,10,13,14,15,15
"Then, Stephanie and Nicole had a long argument. Afterwards Stephanie said to",801,15, Stephanie, Nicole, Stephanie, Stephanie, Nicole, Nicole,circuit, Nicole,0.4453,0.4453,0.1641,1,3,4,5,6,10,10,11,13,14,14
The store Jessica and Justin went to had a necklace. Jessica gave it to,837,16, Jessica, Justin, Jessica, Jessica, Justin, Justin,circuit, Justin,0.5625,0.5625,0.0038,1,3,4,5,6,8,11,12,13,14,15
"Afterwards, Michael and Ryan went to the store. Michael gave a drink to",710,17, Michael, Ryan, Michael, Michael, Ryan, Ryan,circuit, Ryan,0.3047,0.3047,0.041,1,4,5,6,7,9,12,12,13,14,16
"Then, Timothy and Benjamin had a long argument, and afterwards Timothy said to",287,16, Timothy, Benjamin, Timothy, Timothy, Benjamin, Benjamin,circuit, Benjamin,0.6719,0.6719,0.0908,1,3,4,5,6,10,10,13,14,15,15
"After the lunch, Jennifer and Megan went to the garden. Jennifer gave a snack to",655,18, Jennifer, Megan, Jennifer, Jennifer, Megan, Megan,circuit, Megan,0.3594,0.3594,0.0488,1,5,6,7,8,9,12,13,14,15,17
"After the lunch, Nicholas and Benjamin went to the garden. Nicholas gave a bone to",650,18, Nicholas, Benjamin, Nicholas, Nicholas, Benjamin, Benjamin,circuit, Benjamin,0.7266,0.7266,0.022,1,5,6,7,8,9,12,13,14,15,17
"Then, Jonathan and Amber had a long argument. Afterwards Jonathan said to",820,15, Jonathan, Amber, Jonathan, Jonathan, Amber, Amber,circuit, Amber,0.8359,0.8359,0.0197,1,3,4,5,6,10,10,11,13,14,14
"While Michael and Daniel were commuting to the store, Michael gave a kiss to",577,16, Michael, Daniel, Michael, Michael, Daniel, Daniel,circuit, Daniel,0.5312,0.5312,0.0059,1,2,3,4,5,7,10,11,12,13,15
"When Andrew and Megan got a snack at the station, Andrew decided to give it to",447,18, Andrew, Megan, Andrew, Andrew, Megan, Megan,circuit, Megan,0.6719,0.6719,0.0001,1,2,3,4,5,6,11,12,13,16,17
"Then, Ryan and Stephanie had a long argument. Afterwards Ryan said to",768,15, Ryan, Stephanie, Ryan, Ryan, Stephanie, Stephanie,circuit, Stephanie,0.8672,0.8672,0.0262,1,3,4,5,6,10,10,11,13,14,14
Friends Ryan and William found a ring at the restaurant. Ryan gave it to,912,16, Ryan, William, Ryan, Ryan, William, William,circuit, William,0.543,0.543,0.0077,1,2,3,4,5,6,11,12,13,14,15
"After the lunch, Melissa and Kyle went to the house. Melissa gave a basketball to",691,18, Melissa, Kyle, Melissa, Melissa, Kyle, Kyle,circuit, Kyle,0.4355,0.4355,0.0972,1,5,6,7,8,10,12,13,14,15,17
"Then, Jennifer and Laura had a long argument, and afterwards Jennifer said to",304,16, Jennifer, Laura, Jennifer, Jennifer, Laura, Laura,circuit, Laura,0.5078,0.5078,0.0688,1,3,4,5,6,10,10,13,14,15,15
"When Ryan and Lauren got a basketball at the restaurant, Ryan decided to give it to",403,18, Ryan, Lauren, Ryan, Ryan, Lauren, Lauren,circuit, Lauren,0.5039,0.5039,0.0034,1,2,3,4,5,6,11,12,13,16,17
"Then, Daniel and Andrea had a long argument, and afterwards Daniel said to",270,16, Daniel, Andrea, Daniel, Daniel, Andrea, Andrea,circuit, Andrea,0.8086,0.8086,0.0664,1,3,4,5,6,10,10,13,14,15,15
"Then, Ryan and Nicole were thinking about going to the garden. Ryan wanted to give a ring to",200,21, Ryan, Nicole, Ryan, Ryan, Nicole, Nicole,circuit, Nicole,0.3359,0.3359,0.0101,1,3,4,5,6,10,13,14,15,18,20
"After the lunch, Ashley and Kevin went to the station. Ashley gave a bone to",698,18, Ashley, Kevin, Ashley, Ashley, Kevin, Kevin,circuit, Kevin,0.7344,0.7344,0.0063,1,5,6,7,8,10,13,13,14,15,17
Friends Ashley and Charles found a computer at the restaurant. Ashley gave it to,916,16, Ashley, Charles, Ashley, Ashley, Charles, Charles,circuit, Charles,0.7344,0.7344,0.0018,1,2,3,4,5,6,11,12,13,14,15
"After Daniel and Nicholas went to the hospital, Daniel gave a drink to",358,15, Daniel, Nicholas, Daniel, Daniel, Nicholas, Nicholas,circuit, Nicholas,0.3496,0.3496,0.0287,1,2,3,4,5,7,9,10,11,12,14
"After Christopher and Robert went to the school, Christopher gave a ring to",344,15, Christopher, Robert, Christopher, Christopher, Robert, Robert,circuit, Robert,0.625,0.625,0.007,1,2,3,4,5,7,9,10,11,12,14
"Then, Jennifer and Sarah had a long argument. Afterwards Jennifer said to",817,15, Jennifer, Sarah, Jennifer, Jennifer, Sarah, Sarah,circuit, Sarah,0.459,0.459,0.1689,1,3,4,5,6,10,10,11,13,14,14
Friends Christopher and Daniel found a kiss at the station. Christopher gave it to,953,16, Christopher, Daniel, Christopher, Christopher, Daniel, Daniel,circuit, Daniel,0.8398,0.8398,0.0016,1,2,3,4,5,6,11,12,13,14,15
"While Nicole and Scott were working at the store, Nicole gave a basketball to",515,16, Nicole, Scott, Nicole, Nicole, Scott, Scott,circuit, Scott,0.4297,0.4297,0.0352,1,2,3,4,5,7,10,11,12,13,15
"When Ashley and Daniel got a ring at the school, Ashley decided to give it to",408,18, Ashley, Daniel, Ashley, Ashley, Daniel, Daniel,circuit, Daniel,0.6055,0.6055,0.0001,1,2,3,4,5,6,11,12,13,16,17
"When David and Kevin got a snack at the office, David decided to give the snack to",495,19, David, Kevin, David, David, Kevin, Kevin,circuit, Kevin,0.5547,0.5547,0.0037,1,2,3,4,5,6,11,12,13,16,18
"Then, John and Danielle were working at the station. John decided to give a bone to",186,19, John, Danielle, John, John, Danielle, Danielle,circuit, Danielle,0.4043,0.4043,0.0259,1,3,4,5,6,8,11,12,13,16,18
"Then, Nicholas and Nathan had a long argument. Afterwards Nicholas said to",792,15, Nicholas, Nathan, Nicholas, Nicholas, Nathan, Nathan,circuit, Nathan,0.707,0.707,0.0579,1,3,4,5,6,10,10,11,13,14,14
"Then, Megan and Melissa went to the school. Megan gave a ring to",24,16, Megan, Melissa, Megan, Megan, Melissa, Melissa,circuit, Melissa,0.2539,0.2539,0.0442,1,3,4,5,6,7,10,11,12,13,15
"While Thomas and Lauren were commuting to the hospital, Thomas gave a computer to",612,16, Thomas, Lauren, Thomas, Thomas, Lauren, Lauren,circuit, Lauren,0.4434,0.4434,0.0049,1,2,3,4,5,7,10,11,12,13,15
"Then, Andrew and Christina were working at the garden. Andrew decided to give a kiss to",137,19, Andrew, Christina, Andrew, Andrew, Christina, Christina,circuit, Christina,0.7812,0.7812,0.0004,1,3,4,5,6,8,11,12,13,16,18
"While Jonathan and Nicholas were working at the restaurant, Jonathan gave a drink to",534,16, Jonathan, Nicholas, Jonathan, Jonathan, Nicholas, Nicholas,circuit, Nicholas,0.2695,0.2695,0.0049,1,2,3,4,5,7,10,11,12,13,15
"Then, John and Jonathan had a long argument. Afterwards John said to",815,15, John, Jonathan, John, John, Jonathan, Jonathan,circuit, Jonathan,0.4434,0.4434,0.1631,1,3,4,5,6,10,10,11,13,14,14
"Then, Brian and Rachel had a long argument, and afterwards Brian said to",261,16, Brian, Rachel, Brian, Brian, Rachel, Rachel,circuit, Rachel,0.5312,0.5312,0.1187,1,3,4,5,6,10,10,13,14,15,15
"When Joshua and Justin got a kiss at the office, Joshua decided to give it to",425,18, Joshua, Justin, Joshua, Joshua, Justin, Justin,circuit, Justin,0.6719,0.6719,0.0017,1,2,3,4,5,6,11,12,13,16,17
"Then, Jennifer and Amanda had a long argument, and afterwards Jennifer said to",311,16, Jennifer, Amanda, Jennifer, Jennifer, Amanda, Amanda,circuit, Amanda,0.6289,0.6289,0.085,1,3,4,5,6,10,10,13,14,15,15
"While Brittany and Emily were commuting to the office, Brittany gave a kiss to",617,16, Brittany, Emily, Brittany, Brittany, Emily, Emily,circuit, Emily,0.6875,0.6875,0.0028,1,2,3,4,5,7,10,11,12,13,15
"Then, Amanda and Joseph had a lot of fun at the house. Amanda gave a ring to",112,20, Amanda, Joseph, Amanda, Amanda, Joseph, Joseph,circuit, Joseph,0.5664,0.5664,0.0767,1,3,4,5,6,11,14,15,16,17,19
"When Eric and Timothy got a snack at the school, Eric decided to give the snack to",479,19, Eric, Timothy, Eric, Eric, Timothy, Timothy,circuit, Timothy,0.6211,0.6211,0.0001,1,2,3,4,5,6,11,12,13,16,18
"After Melissa and Lauren went to the office, Melissa gave a computer to",364,15, Melissa, Lauren, Melissa, Melissa, Lauren, Lauren,circuit, Lauren,0.3301,0.3301,0.1216,1,2,3,4,5,7,9,10,11,12,14
"When Ryan and Brandon got a kiss at the office, Ryan decided to give the kiss to",489,19, Ryan, Brandon, Ryan, Ryan, Brandon, Brandon,circuit, Brandon,0.4551,0.4551,0.0227,1,2,3,4,5,6,11,12,13,16,18
"After the lunch, James and Elizabeth went to the store. James gave a necklace to",645,18, James, Elizabeth, James, James, Elizabeth, Elizabeth,circuit, Elizabeth,0.8477,0.8477,0.0094,1,5,6,7,8,9,12,13,14,15,17
The garden Sarah and Brian went to had a drink. Sarah gave it to,846,16, Sarah, Brian, Sarah, Sarah, Brian, Brian,circuit, Brian,0.5703,0.5703,0.0063,1,3,4,5,6,7,8,12,13,14,15
"Then, John and Eric were working at the restaurant. John decided to give a computer to",148,19, John, Eric, John, John, Eric, Eric,circuit, Eric,0.4648,0.4648,0.0231,1,3,4,5,6,8,11,12,13,16,18
"Then, David and Nicole were working at the school. David decided to give a kiss to",153,19, David, Nicole, David, David, Nicole, Nicole,circuit, Nicole,0.5508,0.5508,0.0061,1,3,4,5,6,8,11,12,13,16,18
"While Jeremy and Samantha were commuting to the office, Jeremy gave a drink to",622,16, Jeremy, Samantha, Jeremy, Jeremy, Samantha, Samantha,circuit, Samantha,0.4062,0.4062,0.0004,1,2,3,4,5,7,10,11,12,13,15
"Then, Jessica and David went to the garden. Jessica gave a computer to",12,16, Jessica, David, Jessica, Jessica, David, David,circuit, David,0.3711,0.3711,0.1357,1,3,4,5,6,8,10,11,12,13,15
"Then, Andrew and Brian had a lot of fun at the school. Andrew gave a ring to",88,20, Andrew, Brian, Andrew, Andrew, Brian, Brian,circuit, Brian,0.4785,0.4785,0.0053,1,3,4,5,6,11,14,15,16,17,19
"Then, Melissa and Kimberly were working at the house. Melissa decided to give a drink to",182,19, Melissa, Kimberly, Melissa, Melissa, Kimberly, Kimberly,circuit, Kimberly,0.2559,0.2559,0.0347,1,3,4,5,6,8,11,12,13,16,18
"After Sarah and Eric went to the station, Sarah gave a basketball to",379,15, Sarah, Eric, Sarah, Sarah, Eric, Eric,circuit, Eric,0.3613,0.3613,0.0491,1,2,3,4,5,6,9,10,11,12,14
"Then, Kyle and Brittany were working at the school. Kyle decided to give a necklace to",157,19, Kyle, Brittany, Kyle, Kyle, Brittany, Brittany,circuit, Brittany,0.6055,0.6055,0.0183,1,3,4,5,6,8,11,12,13,16,18
"Then, Kimberly and Benjamin had a lot of fun at the house. Kimberly gave a bone to",114,20, Kimberly, Benjamin, Kimberly, Kimberly, Benjamin, Benjamin,circuit, Benjamin,0.5508,0.5508,0.0166,1,3,4,5,6,11,14,15,16,17,19
"After the lunch, Brandon and Eric went to the hospital. Brandon gave a snack to",679,18, Brandon, Eric, Brandon, Brandon, Eric, Eric,circuit, Eric,0.5,0.5,0.0151,1,5,6,7,8,10,13,13,14,15,17
"Afterwards, Andrew and Melissa went to the office. Andrew gave a computer to",748,17, Andrew, Melissa, Andrew, Andrew, Melissa, Melissa,circuit, Melissa,0.6992,0.6992,0.0047,1,4,5,6,7,9,12,12,13,14,16
"Then, Anthony and Heather went to the office. Anthony gave a bone to",42,16, Anthony, Heather, Anthony, Anthony, Heather, Heather,circuit, Heather,0.4902,0.4902,0.0664,1,3,4,5,6,8,10,11,12,13,15
"After Daniel and Kimberly went to the store, Daniel gave a bone to",322,15, Daniel, Kimberly, Daniel, Daniel, Kimberly, Kimberly,circuit, Kimberly,0.6602,0.6602,0.0073,1,2,3,4,5,7,9,10,11,12,14
"When Robert and Steven got a necklace at the hospital, Robert decided to give it to",421,18, Robert, Steven, Robert, Robert, Steven, Steven,circuit, Steven,0.3223,0.3223,0.0008,1,2,3,4,5,6,11,12,13,16,17
"Then, Justin and Eric went to the house. Justin gave a kiss to",49,16, Justin, Eric, Justin, Justin, Eric, Eric,circuit, Eric,0.4863,0.4863,0.0089,1,3,4,5,6,7,10,11,12,13,15
Friends Christopher and Andrew found a basketball at the store. Christopher gave it to,899,16, Christopher, Andrew, Christopher, Christopher, Andrew, Andrew,circuit, Andrew,0.6211,0.6211,0.0042,1,2,3,4,5,6,11,12,13,14,15
The station Melissa and Timothy went to had a kiss. Melissa gave it to,889,16, Melissa, Timothy, Melissa, Melissa, Timothy, Timothy,circuit, Timothy,0.625,0.625,0.0004,1,3,4,5,6,8,11,12,13,14,15
"Then, Jennifer and William went to the office. Jennifer gave a basketball to",43,16, Jennifer, William, Jennifer, Jennifer, William, William,circuit, William,0.5156,0.5156,0.0698,1,3,4,5,6,8,10,11,12,13,15
Friends Amanda and Nicholas found a computer at the house. Amanda gave it to,948,16, Amanda, Nicholas, Amanda, Amanda, Nicholas, Nicholas,circuit, Nicholas,0.3379,0.3379,0.0131,1,2,3,4,5,6,11,12,13,14,15
Friends Laura and Crystal found a basketball at the garden. Laura gave it to,907,16, Laura, Crystal, Laura, Laura, Crystal, Crystal,circuit, Crystal,0.3848,0.3848,0.015,1,2,3,4,5,6,11,12,13,14,15
"Then, Andrew and Kevin had a long argument, and afterwards Andrew said to",268,16, Andrew, Kevin, Andrew, Andrew, Kevin, Kevin,circuit, Kevin,0.7969,0.7969,0.0146,1,3,4,5,6,10,10,13,14,15,15
"Then, Joshua and Ryan had a long argument, and afterwards Joshua said to",319,16, Joshua, Ryan, Joshua, Joshua, Ryan, Ryan,circuit, Ryan,0.3359,0.3359,0.2041,1,3,4,5,6,10,10,13,14,15,15
"Then, Amanda and Justin had a long argument, and afterwards Amanda said to",316,16, Amanda, Justin, Amanda, Amanda, Justin, Justin,circuit, Justin,0.5391,0.5391,0.1982,1,3,4,5,6,10,10,13,14,15,15
"Then, Jessica and Adam went to the restaurant. Jessica gave a snack to",23,16, Jessica, Adam, Jessica, Jessica, Adam, Adam,circuit, Adam,0.6602,0.6602,0.0199,1,3,4,5,6,8,10,11,12,13,15
"When Michael and Brandon got a snack at the station, Michael decided to give the snack to",511,19, Michael, Brandon, Michael, Michael, Brandon, Brandon,circuit, Brandon,0.5,0.5,0.0034,1,2,3,4,5,6,11,12,13,16,18
"Then, William and Anthony had a long argument, and afterwards William said to",315,16, William, Anthony, William, William, Anthony, Anthony,circuit, Anthony,0.3477,0.3477,0.0776,1,3,4,5,6,10,10,13,14,15,15
"After the lunch, Ryan and Amber went to the school. Ryan gave a drink to",670,18, Ryan, Amber, Ryan, Ryan, Amber, Amber,circuit, Amber,0.4414,0.4414,0.0361,1,5,6,7,8,9,13,13,14,15,17
The office David and Brian went to had a ring. David gave it to,872,16, David, Brian, David, David, Brian, Brian,circuit, Brian,0.2578,0.2578,0.0211,1,3,4,5,6,8,11,12,13,14,15
"After Ryan and Tyler went to the restaurant, Ryan gave a ring to",336,15, Ryan, Tyler, Ryan, Ryan, Tyler, Tyler,circuit, Tyler,0.4883,0.4883,0.04,1,2,3,4,5,7,9,10,11,12,14
"Then, Michael and Timothy had a lot of fun at the station. Michael gave a computer to",124,20, Michael, Timothy, Michael, Michael, Timothy, Timothy,circuit, Timothy,0.7109,0.7109,0.0354,1,3,4,5,6,11,14,15,16,17,19
"Then, Andrew and Megan had a long argument, and afterwards Andrew said to",300,16, Andrew, Megan, Andrew, Andrew, Megan, Megan,circuit, Megan,0.8281,0.8281,0.0013,1,3,4,5,6,10,10,13,14,15,15
"Then, Jennifer and William went to the office. Jennifer gave a kiss to",41,16, Jennifer, William, Jennifer, Jennifer, William, William,circuit, William,0.543,0.543,0.0444,1,3,4,5,6,8,10,11,12,13,15
"While Jennifer and Thomas were commuting to the station, Jennifer gave a basketball to",635,16, Jennifer, Thomas, Jennifer, Jennifer, Thomas, Thomas,circuit, Thomas,0.3047,0.3047,0.0056,1,2,3,4,5,7,10,11,12,13,15
"Afterwards, Nicholas and Eric went to the office. Nicholas gave a kiss to",745,17, Nicholas, Eric, Nicholas, Nicholas, Eric, Eric,circuit, Eric,0.543,0.543,0.0128,1,4,5,6,7,9,12,12,13,14,16
"While Joshua and Eric were working at the restaurant, Joshua gave a necklace to",533,16, Joshua, Eric, Joshua, Joshua, Eric, Eric,circuit, Eric,0.6602,0.6602,0.001,1,2,3,4,5,8,10,11,12,13,15
The store David and Amber went to had a necklace. David gave it to,837,16, David, Amber, David, David, Amber, Amber,circuit, Amber,0.3438,0.3438,0.0081,1,3,4,5,6,8,11,12,13,14,15
"While Daniel and William were working at the garden, Daniel gave a basketball to",523,16, Daniel, William, Daniel, Daniel, William, William,circuit, William,0.5273,0.5273,0.0713,1,2,3,4,5,8,10,11,12,13,15
"Then, Rachel and Jacob had a lot of fun at the restaurant. Rachel gave a drink to",86,20, Rachel, Jacob, Rachel, Rachel, Jacob, Jacob,circuit, Jacob,0.6328,0.6328,0.0518,1,3,4,5,6,11,14,15,16,17,19
"Then, Brandon and Emily had a long argument, and afterwards Brandon said to",291,16, Brandon, Emily, Brandon, Brandon, Emily, Emily,circuit, Emily,0.8984,0.8984,0.0037,1,3,4,5,6,10,10,13,14,15,15
"Afterwards, Matthew and Elizabeth went to the hospital. Matthew gave a computer to",740,17, Matthew, Elizabeth, Matthew, Matthew, Elizabeth, Elizabeth,circuit, Elizabeth,0.4531,0.4531,0.0613,1,4,5,6,7,9,12,12,13,14,16
"Then, Jessica and Matthew had a long argument. Afterwards Jessica said to",777,15, Jessica, Matthew, Jessica, Jessica, Matthew, Matthew,circuit, Matthew,0.5156,0.5156,0.0422,1,3,4,5,6,10,10,11,13,14,14
"Then, Ashley and Crystal had a long argument, and afterwards Ashley said to",303,16, Ashley, Crystal, Ashley, Ashley, Crystal, Crystal,circuit, Crystal,0.4258,0.4258,0.0576,1,3,4,5,6,10,10,13,14,15,15
"After Joseph and Adam went to the school, Joseph gave a basketball to",347,15, Joseph, Adam, Joseph, Joseph, Adam, Adam,circuit, Adam,0.6445,0.6445,0.053,1,2,3,4,5,7,9,10,11,12,14
Friends Amanda and Thomas found a kiss at the store. Amanda gave it to,897,16, Amanda, Thomas, Amanda, Amanda, Thomas, Thomas,circuit, Thomas,0.6914,0.6914,0.006,1,2,3,4,5,6,11,12,13,14,15
"Then, Matthew and Amber had a lot of fun at the restaurant. Matthew gave a drink to",86,20, Matthew, Amber, Matthew, Matthew, Amber, Amber,circuit, Amber,0.5508,0.5508,0.0014,1,3,4,5,6,11,14,15,16,17,19
"After the lunch, Christopher and Kevin went to the hospital. Christopher gave a necklace to",677,18, Christopher, Kevin, Christopher, Christopher, Kevin, Kevin,circuit, Kevin,0.5938,0.5938,0.0229,1,5,6,7,8,10,13,13,14,15,17
"After Jason and Brian went to the office, Jason gave a computer to",364,15, Jason, Brian, Jason, Jason, Brian, Brian,circuit, Brian,0.4922,0.4922,0.0669,1,2,3,4,5,7,9,10,11,12,14
"When Brian and Steven got a snack at the house, Brian decided to give it to",439,18, Brian, Steven, Brian, Brian, Steven, Steven,circuit, Steven,0.3594,0.3594,0.0015,1,2,3,4,5,6,11,12,13,16,17
"While Ashley and Sarah were commuting to the garden, Ashley gave a ring to",584,16, Ashley, Sarah, Ashley, Ashley, Sarah, Sarah,circuit, Sarah,0.3379,0.3379,0.0062,1,2,3,4,5,7,10,11,12,13,15
"Then, Justin and Tiffany had a long argument, and afterwards Justin said to",307,16, Justin, Tiffany, Justin, Justin, Tiffany, Tiffany,circuit, Tiffany,0.8594,0.8594,0.0058,1,3,4,5,6,10,10,13,14,15,15
"Then, Brandon and Justin were thinking about going to the office. Brandon wanted to give a ring to",232,21, Brandon, Justin, Brandon, Brandon, Justin, Justin,circuit, Justin,0.5078,0.5078,0.0197,1,3,4,5,6,10,13,14,15,18,20
"Then, Melissa and Steven had a long argument. Afterwards Melissa said to",771,15, Melissa, Steven, Melissa, Melissa, Steven, Steven,circuit, Steven,0.3613,0.3613,0.3613,1,3,4,5,6,10,10,11,13,14,14
"Then, Benjamin and Dustin were thinking about going to the restaurant. Benjamin wanted to give a computer to",212,21, Benjamin, Dustin, Benjamin, Benjamin, Dustin, Dustin,circuit, Dustin,0.5664,0.5664,0.0023,1,3,4,5,6,10,13,14,15,18,20
"While Joshua and Emily were working at the station, Joshua gave a ring to",568,16, Joshua, Emily, Joshua, Joshua, Emily, Emily,circuit, Emily,0.8047,0.8047,0.0004,1,2,3,4,5,7,10,11,12,13,15
"Then, Joshua and Jonathan were thinking about going to the restaurant. Joshua wanted to give a kiss to",209,21, Joshua, Jonathan, Joshua, Joshua, Jonathan, Jonathan,circuit, Jonathan,0.5703,0.5703,0.0134,1,3,4,5,6,10,13,14,15,18,20
Friends James and Joseph found a drink at the office. James gave it to,942,16, James, Joseph, James, James, Joseph, Joseph,circuit, Joseph,0.6055,0.6055,0.0183,1,2,3,4,5,6,11,12,13,14,15
"Then, Joshua and Megan were thinking about going to the station. Joshua wanted to give a kiss to",249,21, Joshua, Megan, Joshua, Joshua, Megan, Megan,circuit, Megan,0.8047,0.8047,0.0002,1,3,4,5,6,10,13,14,15,18,20
"After the lunch, Sarah and Sean went to the store. Sarah gave a kiss to",641,18, Sarah, Sean, Sarah, Sarah, Sean, Sean,circuit, Sean,0.4434,0.4434,0.0991,1,5,6,7,8,10,12,13,14,15,17
"Then, Amanda and Nicholas had a lot of fun at the hospital. Amanda gave a drink to",102,20, Amanda, Nicholas, Amanda, Amanda, Nicholas, Nicholas,circuit, Nicholas,0.2754,0.2754,0.0615,1,3,4,5,6,11,14,15,16,17,19
Friends Andrew and Kimberly found a necklace at the restaurant. Andrew gave it to,917,16, Andrew, Kimberly, Andrew, Andrew, Kimberly, Kimberly,circuit, Kimberly,0.6914,0.6914,0.0002,1,2,3,4,5,6,11,12,13,14,15
"Then, Michael and Ryan were thinking about going to the house. Michael wanted to give a computer to",244,21, Michael, Ryan, Michael, Michael, Ryan, Ryan,circuit, Ryan,0.2598,0.2598,0.0352,1,3,4,5,6,10,13,14,15,18,20
"After the lunch, Rachel and Jeffrey went to the restaurant. Rachel gave a computer to",660,18, Rachel, Jeffrey, Rachel, Rachel, Jeffrey, Jeffrey,circuit, Jeffrey,0.5664,0.5664,0.0282,1,5,6,7,8,9,13,13,14,15,17
"Then, Jennifer and Danielle went to the school. Jennifer gave a kiss to",25,16, Jennifer, Danielle, Jennifer, Jennifer, Danielle, Danielle,circuit, Danielle,0.5195,0.5195,0.0703,1,3,4,5,6,8,10,11,12,13,15
"After Andrew and Angela went to the hospital, Andrew gave a computer to",356,15, Andrew, Angela, Andrew, Andrew, Angela, Angela,circuit, Angela,0.6328,0.6328,0.007,1,2,3,4,5,6,9,10,11,12,14
"Then, Michael and Adam went to the station. Michael gave a ring to",56,16, Michael, Adam, Michael, Michael, Adam, Adam,circuit, Adam,0.3398,0.3398,0.0461,1,3,4,5,6,8,10,11,12,13,15
"Afterwards, Nicholas and Steven went to the garden. Nicholas gave a computer to",716,17, Nicholas, Steven, Nicholas, Nicholas, Steven, Steven,circuit, Steven,0.3301,0.3301,0.0947,1,4,5,6,7,9,12,12,13,14,16
"Then, Matthew and William had a long argument. Afterwards Matthew said to",810,15, Matthew, William, Matthew, Matthew, William, William,circuit, William,0.3086,0.3086,0.1865,1,3,4,5,6,10,10,11,13,14,14
"When Amanda and Robert got a bone at the restaurant, Amanda decided to give the bone to",466,19, Amanda, Robert, Amanda, Amanda, Robert, Robert,circuit, Robert,0.5508,0.5508,0.0014,1,2,3,4,5,6,11,12,13,16,18
"After Rachel and Samantha went to the station, Rachel gave a computer to",380,15, Rachel, Samantha, Rachel, Rachel, Samantha, Samantha,circuit, Samantha,0.2578,0.2578,0.0947,1,2,3,4,5,6,9,10,11,12,14
"Afterwards, Ashley and Joshua went to the restaurant. Ashley gave a bone to",722,17, Ashley, Joshua, Ashley, Ashley, Joshua, Joshua,circuit, Joshua,0.5312,0.5312,0.0028,1,4,5,6,7,9,12,12,13,14,16
"When Michelle and Emily got a ring at the station, Michelle decided to give it to",440,18, Michelle, Emily, Michelle, Michelle, Emily, Emily,circuit, Emily,0.3945,0.3945,0.0027,1,2,3,4,5,6,11,12,13,16,17
"When Michael and Andrew got a basketball at the garden, Michael decided to give the basketball to",459,19, Michael, Andrew, Michael, Michael, Andrew, Andrew,circuit, Andrew,0.4766,0.4766,0.0053,1,2,3,4,5,6,11,12,13,16,18
"Then, Anthony and Timothy were thinking about going to the restaurant. Anthony wanted to give a computer to",212,21, Anthony, Timothy, Anthony, Anthony, Timothy, Timothy,circuit, Timothy,0.5547,0.5547,0.0062,1,3,4,5,6,10,13,14,15,18,20
Friends Matthew and Sarah found a drink at the office. Matthew gave it to,942,16, Matthew, Sarah, Matthew, Matthew, Sarah, Sarah,circuit, Sarah,0.4688,0.4688,0.0007,1,2,3,4,5,6,11,12,13,14,15
"While David and Sarah were working at the hospital, David gave a ring to",544,16, David, Sarah, David, David, Sarah, Sarah,circuit, Sarah,0.2168,0.2168,0.0108,1,2,3,4,5,7,10,11,12,13,15
"Then, James and Amber were working at the store. James decided to give a ring to",128,19, James, Amber, James, James, Amber, Amber,circuit, Amber,0.5586,0.5586,0.0103,1,3,4,5,6,9,12,12,13,16,18
"Then, William and Heather were working at the school. William decided to give a ring to",152,19, William, Heather, William, William, Heather, Heather,circuit, Heather,0.4043,0.4043,0.0074,1,3,4,5,6,8,11,12,13,16,18
"While Stephen and Angela were commuting to the house, Stephen gave a basketball to",627,16, Stephen, Angela, Stephen, Stephen, Angela, Angela,circuit, Angela,0.7969,0.7969,0.002,1,2,3,4,5,7,10,11,12,13,15
"Then, Brandon and Gregory had a long argument, and afterwards Brandon said to",314,16, Brandon, Gregory, Brandon, Brandon, Gregory, Gregory,circuit, Gregory,0.8906,0.8906,0.0164,1,3,4,5,6,10,10,13,14,15,15
"When Joseph and Nicole got a drink at the school, Joseph decided to give the drink to",478,19, Joseph, Nicole, Joseph, Joseph, Nicole, Nicole,circuit, Nicole,0.668,0.668,0.0006,1,2,3,4,5,6,11,12,13,16,18
"Then, Christopher and Amanda had a long argument. Afterwards Christopher said to",806,15, Christopher, Amanda, Christopher, Christopher, Amanda, Amanda,circuit, Amanda,0.8867,0.8867,0.0098,1,3,4,5,6,10,10,11,13,14,14
"Then, Joseph and Amy had a lot of fun at the hospital. Joseph gave a snack to",103,20, Joseph, Amy, Joseph, Joseph, Amy, Amy,circuit, Amy,0.9023,0.9023,0.0002,1,3,4,5,6,11,14,15,16,17,19
"Afterwards, Robert and Elizabeth went to the restaurant. Robert gave a computer to",724,17, Robert, Elizabeth, Robert, Robert, Elizabeth, Elizabeth,circuit, Elizabeth,0.7539,0.7539,0.0139,1,4,5,6,7,8,12,12,13,14,16
"After Ashley and Amanda went to the school, Ashley gave a kiss to",345,15, Ashley, Amanda, Ashley, Ashley, Amanda, Amanda,circuit, Amanda,0.5,0.5,0.0056,1,2,3,4,5,7,9,10,11,12,14
"Then, Jennifer and Jason went to the station. Jennifer gave a necklace to",61,16, Jennifer, Jason, Jennifer, Jennifer, Jason, Jason,circuit, Jason,0.7891,0.7891,0.0238,1,3,4,5,6,8,10,11,12,13,15
"Then, Jason and Amy had a long argument, and afterwards Jason said to",265,16, Jason, Amy, Jason, Jason, Amy, Amy,circuit, Amy,0.832,0.832,0.0152,1,3,4,5,6,10,10,13,14,15,15
"Afterwards, Anthony and Mark went to the school. Anthony gave a computer to",732,17, Anthony, Mark, Anthony, Anthony, Mark, Mark,circuit, Mark,0.4395,0.4395,0.0596,1,4,5,6,7,9,12,12,13,14,16
Friends Daniel and Benjamin found a drink at the hospital. Daniel gave it to,934,16, Daniel, Benjamin, Daniel, Daniel, Benjamin, Benjamin,circuit, Benjamin,0.6484,0.6484,0.0251,1,2,3,4,5,6,11,12,13,14,15
"Then, Nicholas and Richard had a long argument, and afterwards Nicholas said to",305,16, Nicholas, Richard, Nicholas, Nicholas, Richard, Richard,circuit, Richard,0.7109,0.7109,0.0581,1,3,4,5,6,10,10,13,14,15,15
"After Joshua and Joseph went to the school, Joshua gave a drink to",350,15, Joshua, Joseph, Joshua, Joshua, Joseph, Joseph,circuit, Joseph,0.5039,0.5039,0.025,1,2,3,4,5,6,9,10,11,12,14
"Then, Ryan and Brandon had a long argument, and afterwards Ryan said to",298,16, Ryan, Brandon, Ryan, Ryan, Brandon, Brandon,circuit, Brandon,0.5273,0.5273,0.1943,1,3,4,5,6,10,10,13,14,15,15
"After Anthony and Elizabeth went to the store, Anthony gave a drink to",326,15, Anthony, Elizabeth, Anthony, Anthony, Elizabeth, Elizabeth,circuit, Elizabeth,0.8086,0.8086,0.0004,1,2,3,4,5,7,9,10,11,12,14
"After the lunch, David and James went to the restaurant. David gave a bone to",658,18, David, James, David, David, James, James,circuit, James,0.4492,0.4492,0.0369,1,5,6,7,8,10,12,13,14,15,17
"While Christopher and Heather were working at the hospital, Christopher gave a drink to",550,16, Christopher, Heather, Christopher, Christopher, Heather, Heather,circuit, Heather,0.4238,0.4238,0.0017,1,2,3,4,5,7,10,11,12,13,15
"While Ryan and Nicole were working at the hospital, Ryan gave a computer to",548,16, Ryan, Nicole, Ryan, Ryan, Nicole, Nicole,circuit, Nicole,0.4668,0.4668,0.0232,1,2,3,4,5,7,10,11,12,13,15
Friends Christopher and David found a drink at the office. Christopher gave it to,942,16, Christopher, David, Christopher, Christopher, David, David,circuit, David,0.4219,0.4219,0.0128,1,2,3,4,5,6,11,12,13,14,15
"Then, Christopher and Ryan had a long argument. Afterwards Christopher said to",819,15, Christopher, Ryan, Christopher, Christopher, Ryan, Ryan,circuit, Ryan,0.5742,0.5742,0.0286,1,3,4,5,6,10,10,11,13,14,14
"When Ashley and Brian got a bone at the restaurant, Ashley decided to give it to",402,18, Ashley, Brian, Ashley, Ashley, Brian, Brian,circuit, Brian,0.3887,0.3887,0.0004,1,2,3,4,5,6,11,12,13,16,17
"Then, Anthony and Megan had a long argument. Afterwards Anthony said to",830,15, Anthony, Megan, Anthony, Anthony, Megan, Megan,circuit, Megan,0.7773,0.7773,0.0142,1,3,4,5,6,10,10,11,13,14,14
"After the lunch, Andrew and Kimberly went to the station. Andrew gave a ring to",696,18, Andrew, Kimberly, Andrew, Andrew, Kimberly, Kimberly,circuit, Kimberly,0.6484,0.6484,0.001,1,5,6,7,8,9,13,13,14,15,17
"After the lunch, Justin and Jonathan went to the garden. Justin gave a snack to",655,18, Justin, Jonathan, Justin, Justin, Jonathan, Jonathan,circuit, Jonathan,0.4434,0.4434,0.0221,1,5,6,7,8,10,12,13,14,15,17
The hospital Andrew and Amber went to had a drink. Andrew gave it to,870,16, Andrew, Amber, Andrew, Andrew, Amber, Amber,circuit, Amber,0.4238,0.4238,0.0022,1,3,4,5,6,7,8,12,13,14,15
"While Ashley and Brandon were working at the garden, Ashley gave a bone to",522,16, Ashley, Brandon, Ashley, Ashley, Brandon, Brandon,circuit, Brandon,0.5078,0.5078,0.0093,1,2,3,4,5,8,10,11,12,13,15
"Then, Matthew and David had a long argument. Afterwards Matthew said to",818,15, Matthew, David, Matthew, Matthew, David, David,circuit, David,0.4316,0.4316,0.0962,1,3,4,5,6,10,10,11,13,14,14
"Then, Matthew and Christina were working at the restaurant. Matthew decided to give a kiss to",145,19, Matthew, Christina, Matthew, Matthew, Christina, Christina,circuit, Christina,0.7539,0.7539,0.0004,1,3,4,5,6,9,12,12,13,16,18
"When James and Megan got a basketball at the garden, James decided to give the basketball to",459,19, James, Megan, James, James, Megan, Megan,circuit, Megan,0.7383,0.7383,0.0007,1,2,3,4,5,6,11,12,13,16,18
"When Jonathan and Steven got a bone at the station, Jonathan decided to give it to",442,18, Jonathan, Steven, Jonathan, Jonathan, Steven, Steven,circuit, Steven,0.252,0.252,0.0046,1,2,3,4,5,6,11,12,13,16,17
"Then, David and Brian were thinking about going to the office. David wanted to give a drink to",238,21, David, Brian, David, David, Brian, Brian,circuit, Brian,0.2734,0.2734,0.0223,1,3,4,5,6,10,13,14,15,18,20
"Afterwards, Christopher and Ryan went to the school. Christopher gave a necklace to",733,17, Christopher, Ryan, Christopher, Christopher, Ryan, Ryan,circuit, Ryan,0.4062,0.4062,0.0074,1,4,5,6,7,9,12,12,13,14,16
"Then, Christopher and Brandon were working at the garden. Christopher decided to give a basketball to",139,19, Christopher, Brandon, Christopher, Christopher, Brandon, Brandon,circuit, Brandon,0.5898,0.5898,0.0066,1,3,4,5,6,8,11,12,13,16,18
"Afterwards, James and Jeremy went to the garden. James gave a computer to",716,17, James, Jeremy, James, James, Jeremy, Jeremy,circuit, Jeremy,0.8242,0.8242,0.041,1,4,5,6,7,9,12,12,13,14,16
"Then, Eric and Elizabeth went to the station. Eric gave a snack to",63,16, Eric, Elizabeth, Eric, Eric, Elizabeth, Elizabeth,circuit, Elizabeth,0.7422,0.7422,0.0018,1,3,4,5,6,8,10,11,12,13,15
"While David and Melissa were working at the garden, David gave a snack to",527,16, David, Melissa, David, David, Melissa, Melissa,circuit, Melissa,0.3164,0.3164,0.0095,1,2,3,4,5,7,10,11,12,13,15
"Then, James and Rachel were working at the office. James decided to give a basketball to",171,19, James, Rachel, James, James, Rachel, Rachel,circuit, Rachel,0.7539,0.7539,0.0031,1,3,4,5,6,8,11,12,13,16,18
"Then, David and Lauren went to the school. David gave a computer to",28,16, David, Lauren, David, David, Lauren, Lauren,circuit, Lauren,0.6367,0.6367,0.0317,1,3,4,5,6,8,10,11,12,13,15
"Then, Brian and Kyle had a lot of fun at the station. Brian gave a snack to",127,20, Brian, Kyle, Brian, Brian, Kyle, Kyle,circuit, Kyle,0.5859,0.5859,0.0177,1,3,4,5,6,11,14,15,16,17,19
"Afterwards, Matthew and James went to the restaurant. Matthew gave a bone to",722,17, Matthew, James, Matthew, Matthew, James, James,circuit, James,0.3457,0.3457,0.0284,1,4,5,6,7,9,12,12,13,14,16
"Afterwards, Jessica and Joshua went to the office. Jessica gave a ring to",744,17, Jessica, Joshua, Jessica, Jessica, Joshua, Joshua,circuit, Joshua,0.5234,0.5234,0.0708,1,4,5,6,7,9,11,12,13,14,16
"Then, Nicholas and Steven had a lot of fun at the school. Nicholas gave a ring to",88,20, Nicholas, Steven, Nicholas, Nicholas, Steven, Steven,circuit, Steven,0.4492,0.4492,0.0064,1,3,4,5,6,11,14,15,16,17,19
"Then, Amanda and Justin went to the office. Amanda gave a computer to",44,16, Amanda, Justin, Amanda, Amanda, Justin, Justin,circuit, Justin,0.4375,0.4375,0.207,1,3,4,5,6,8,10,11,12,13,15
"Then, Nicholas and Jacob had a lot of fun at the house. Nicholas gave a snack to",119,20, Nicholas, Jacob, Nicholas, Nicholas, Jacob, Jacob,circuit, Jacob,0.7188,0.7188,0.0049,1,3,4,5,6,11,14,15,16,17,19
"When James and Nicole got a snack at the restaurant, James decided to give the snack to",471,19, James, Nicole, James, James, Nicole, Nicole,circuit, Nicole,0.6133,0.6133,0.0009,1,2,3,4,5,6,11,12,13,16,18
"Then, Joshua and James were working at the store. Joshua decided to give a ring to",128,19, Joshua, James, Joshua, Joshua, James, James,circuit, James,0.5312,0.5312,0.0097,1,3,4,5,6,8,11,12,13,16,18
